"","groupName","activeTouch","timeStamp","C"
"1","A",0,"6/2/16 2:17",0
"2","A",0,"6/2/16 3:03",0
"3","A",1,"6/2/16 3:18",0
"4","B",0,"6/2/16 3:23",1
"5","A",0,"6/2/16 4:04",0
"6","A",0,"6/2/16 4:34",0
"7","B",0,"6/2/16 6:56",0
"8","B",0,"6/2/16 7:19",0
"9","B",0,"6/2/16 7:34",0
"10","A",0,"6/2/16 8:26",0
"11","B",0,"6/2/16 8:58",0
"12","A",0,"6/2/16 9:09",0
"13","A",0,"6/2/16 9:17",0
"14","A",0,"6/2/16 9:26",0
"15","B",0,"6/2/16 9:36",0
"16","B",0,"6/2/16 9:45",0
"17","A",0,"6/2/16 9:51",0
"18","A",0,"6/2/16 9:58",0
"19","B",0,"6/2/16 9:59",0
"20","B",0,"6/2/16 10:04",0
"21","A",0,"6/2/16 10:19",0
"22","B",0,"6/2/16 10:20",0
"23","B",0,"6/2/16 10:23",1
"24","A",0,"6/2/16 10:27",0
"25","A",0,"6/2/16 10:28",1
"26","B",0,"6/2/16 10:29",0
"27","B",0,"6/2/16 10:29",0
"28","A",0,"6/2/16 10:40",0
"29","A",0,"6/2/16 10:59",0
"30","B",0,"6/2/16 11:00",0
"31","B",0,"6/2/16 11:05",0
"32","A",0,"6/2/16 11:35",0
"33","A",0,"6/2/16 11:44",0
"34","A",0,"6/2/16 11:45",0
"35","B",0,"6/2/16 11:47",0
"36","A",0,"6/2/16 12:02",0
"37","B",0,"6/2/16 12:07",0
"38","B",0,"6/2/16 12:12",0
"39","A",0,"6/2/16 12:44",1
"40","B",1,"6/2/16 12:49",0
"41","A",0,"6/2/16 12:55",0
"42","A",0,"6/2/16 12:56",0
"43","B",0,"6/2/16 13:02",0
"44","A",0,"6/2/16 13:02",0
"45","B",0,"6/2/16 13:03",0
"46","B",0,"6/2/16 13:30",0
"47","B",1,"6/2/16 13:32",0
"48","A",0,"6/2/16 13:33",0
"49","B",0,"6/2/16 13:43",1
"50","A",0,"6/2/16 13:54",0
"51","A",0,"6/2/16 13:57",0
"52","B",0,"6/2/16 14:06",0
"53","B",0,"6/2/16 14:22",0
"54","A",0,"6/2/16 14:26",0
"55","B",0,"6/2/16 14:29",0
"56","B",0,"6/2/16 14:57",0
"57","B",0,"6/2/16 15:01",0
"58","A",0,"6/2/16 15:05",0
"59","A",0,"6/2/16 15:27",0
"60","B",0,"6/2/16 15:49",0
"61","B",0,"6/2/16 15:51",0
"62","B",0,"6/2/16 15:53",0
"63","B",0,"6/2/16 15:56",0
"64","A",0,"6/2/16 16:09",0
"65","A",0,"6/2/16 16:30",0
"66","B",1,"6/2/16 16:46",0
"67","B",0,"6/2/16 16:56",0
"68","A",0,"6/2/16 17:17",0
"69","A",0,"6/2/16 17:27",0
"70","A",0,"6/2/16 17:31",0
"71","A",0,"6/2/16 17:40",0
"72","B",0,"6/2/16 17:41",0
"73","B",0,"6/2/16 18:05",0
"74","A",0,"6/2/16 18:07",0
"75","B",0,"6/2/16 18:23",0
"76","A",0,"6/2/16 18:24",0
"77","A",0,"6/2/16 18:24",0
"78","B",0,"6/2/16 18:26",0
"79","B",0,"6/2/16 18:27",0
"80","B",0,"6/2/16 18:38",0
"81","A",0,"6/2/16 18:39",0
"82","A",0,"6/2/16 18:42",0
"83","B",0,"6/2/16 18:45",0
"84","A",0,"6/2/16 19:05",0
"85","A",0,"6/2/16 19:06",0
"86","A",0,"6/2/16 19:33",0
"87","A",0,"6/2/16 19:40",0
"88","A",0,"6/2/16 19:54",0
"89","A",0,"6/2/16 20:04",0
"90","B",0,"6/2/16 20:05",0
"91","B",0,"6/2/16 20:36",0
"92","B",0,"6/2/16 20:47",0
"93","A",0,"6/2/16 21:15",0
"94","B",0,"6/2/16 21:27",0
"95","B",0,"6/2/16 21:48",0
"96","B",0,"6/2/16 21:48",0
"97","A",0,"6/2/16 21:50",0
"98","B",0,"6/2/16 21:55",0
"99","A",0,"6/2/16 22:01",1
"100","A",0,"6/2/16 22:14",0
"101","A",0,"6/2/16 22:29",0
"102","B",0,"6/2/16 22:39",1
"103","A",0,"6/2/16 22:41",0
"104","A",0,"6/2/16 22:48",0
"105","A",0,"6/2/16 22:52",0
"106","B",1,"6/2/16 22:59",0
"107","A",0,"6/2/16 23:01",1
"108","B",0,"6/2/16 23:10",0
"109","A",0,"6/2/16 23:16",0
"110","B",1,"6/2/16 23:33",0
"111","A",0,"6/2/16 23:34",0
"112","B",0,"6/2/16 23:37",0
"113","B",0,"6/2/16 23:54",0
"114","A",0,"6/3/16 0:24",0
"115","B",0,"6/3/16 0:44",0
"116","A",1,"6/3/16 1:32",0
"117","A",0,"6/3/16 4:21",0
"118","A",0,"6/3/16 4:49",0
"119","B",0,"6/3/16 6:49",0
"120","B",0,"6/3/16 7:19",0
"121","A",0,"6/3/16 7:27",0
"122","A",0,"6/3/16 8:04",0
"123","A",0,"6/3/16 8:08",0
"124","A",0,"6/3/16 8:26",0
"125","B",0,"6/3/16 8:37",0
"126","A",0,"6/3/16 8:39",0
"127","A",0,"6/3/16 9:12",0
"128","B",0,"6/3/16 9:37",0
"129","A",0,"6/3/16 9:38",0
"130","B",0,"6/3/16 9:38",0
"131","B",0,"6/3/16 9:54",0
"132","B",0,"6/3/16 10:08",1
"133","B",0,"6/3/16 10:10",0
"134","B",0,"6/3/16 10:20",0
"135","B",0,"6/3/16 10:23",0
"136","B",0,"6/3/16 10:27",0
"137","B",0,"6/3/16 10:46",0
"138","B",0,"6/3/16 10:49",0
"139","A",0,"6/3/16 10:51",0
"140","A",0,"6/3/16 10:57",0
"141","A",0,"6/3/16 11:05",0
"142","A",0,"6/3/16 11:12",0
"143","B",0,"6/3/16 11:20",0
"144","B",0,"6/3/16 11:28",0
"145","A",0,"6/3/16 12:03",0
"146","B",0,"6/3/16 12:05",0
"147","B",0,"6/3/16 12:16",0
"148","A",0,"6/3/16 12:23",0
"149","A",0,"6/3/16 12:24",0
"150","B",0,"6/3/16 12:31",0
"151","A",0,"6/3/16 12:47",0
"152","B",0,"6/3/16 12:55",0
"153","A",0,"6/3/16 13:08",0
"154","B",0,"6/3/16 13:17",0
"155","A",0,"6/3/16 13:23",0
"156","A",0,"6/3/16 13:24",0
"157","B",0,"6/3/16 13:28",0
"158","A",0,"6/3/16 13:31",0
"159","A",0,"6/3/16 13:38",0
"160","B",0,"6/3/16 13:39",0
"161","A",0,"6/3/16 13:41",0
"162","A",0,"6/3/16 13:44",0
"163","B",0,"6/3/16 13:53",0
"164","A",0,"6/3/16 13:59",0
"165","A",0,"6/3/16 14:15",0
"166","B",1,"6/3/16 14:15",1
"167","A",0,"6/3/16 14:29",0
"168","A",0,"6/3/16 14:35",0
"169","B",0,"6/3/16 14:37",0
"170","B",0,"6/3/16 14:47",0
"171","B",0,"6/3/16 15:00",0
"172","A",0,"6/3/16 15:04",1
"173","B",0,"6/3/16 15:07",0
"174","B",0,"6/3/16 15:21",0
"175","A",0,"6/3/16 15:29",0
"176","A",0,"6/3/16 15:29",0
"177","A",0,"6/3/16 15:32",0
"178","B",0,"6/3/16 15:41",0
"179","B",0,"6/3/16 16:00",0
"180","B",1,"6/3/16 16:19",0
"181","B",0,"6/3/16 16:20",1
"182","A",0,"6/3/16 16:28",0
"183","B",0,"6/3/16 16:32",0
"184","A",0,"6/3/16 16:33",0
"185","A",0,"6/3/16 16:34",0
"186","A",0,"6/3/16 16:45",0
"187","B",0,"6/3/16 16:46",0
"188","B",0,"6/3/16 16:50",0
"189","B",0,"6/3/16 17:01",0
"190","B",0,"6/3/16 17:01",0
"191","B",1,"6/3/16 17:04",0
"192","A",0,"6/3/16 17:08",0
"193","B",0,"6/3/16 17:09",0
"194","A",0,"6/3/16 17:10",0
"195","B",0,"6/3/16 17:10",0
"196","A",0,"6/3/16 17:13",0
"197","A",0,"6/3/16 17:19",1
"198","B",0,"6/3/16 17:23",0
"199","B",0,"6/3/16 17:26",0
"200","B",0,"6/3/16 17:29",0
"201","A",0,"6/3/16 17:45",0
"202","B",0,"6/3/16 18:07",0
"203","A",0,"6/3/16 18:12",0
"204","B",0,"6/3/16 18:21",0
"205","A",0,"6/3/16 18:28",0
"206","A",0,"6/3/16 18:29",0
"207","B",0,"6/3/16 18:35",1
"208","A",0,"6/3/16 18:40",0
"209","A",0,"6/3/16 18:43",0
"210","B",0,"6/3/16 18:49",0
"211","B",0,"6/3/16 18:50",0
"212","A",0,"6/3/16 18:51",0
"213","A",0,"6/3/16 19:00",0
"214","B",0,"6/3/16 19:18",0
"215","B",0,"6/3/16 19:22",0
"216","A",0,"6/3/16 19:24",0
"217","B",0,"6/3/16 19:25",0
"218","B",0,"6/3/16 19:29",0
"219","A",0,"6/3/16 19:29",0
"220","A",0,"6/3/16 19:37",1
"221","A",1,"6/3/16 19:37",0
"222","A",0,"6/3/16 19:46",0
"223","B",0,"6/3/16 19:47",0
"224","B",1,"6/3/16 19:47",0
"225","A",0,"6/3/16 19:53",0
"226","A",0,"6/3/16 19:54",0
"227","A",0,"6/3/16 19:54",0
"228","B",0,"6/3/16 19:58",0
"229","B",0,"6/3/16 20:09",0
"230","B",0,"6/3/16 20:23",0
"231","A",0,"6/3/16 20:24",0
"232","B",0,"6/3/16 20:25",1
"233","A",0,"6/3/16 20:31",0
"234","B",0,"6/3/16 20:33",0
"235","B",0,"6/3/16 20:45",0
"236","A",0,"6/3/16 20:49",0
"237","A",0,"6/3/16 20:49",0
"238","B",0,"6/3/16 20:53",0
"239","A",0,"6/3/16 21:08",0
"240","A",0,"6/3/16 21:10",0
"241","B",0,"6/3/16 21:17",1
"242","B",0,"6/3/16 21:32",0
"243","B",0,"6/3/16 21:43",0
"244","A",0,"6/3/16 21:47",0
"245","B",0,"6/3/16 22:20",0
"246","A",0,"6/3/16 22:43",0
"247","B",0,"6/3/16 23:12",0
"248","B",0,"6/3/16 23:26",0
"249","B",0,"6/3/16 23:36",0
"250","B",0,"6/3/16 23:52",0
"251","B",0,"6/3/16 23:55",0
"252","B",0,"6/4/16 0:12",0
"253","B",0,"6/4/16 0:15",0
"254","A",0,"6/4/16 1:05",0
"255","A",0,"6/4/16 1:14",0
"256","B",0,"6/4/16 1:20",0
"257","B",0,"6/4/16 1:24",0
"258","A",0,"6/4/16 1:26",0
"259","B",0,"6/4/16 2:36",0
"260","B",0,"6/4/16 3:03",0
"261","B",0,"6/4/16 3:41",0
"262","A",0,"6/4/16 5:07",0
"263","A",0,"6/4/16 7:20",0
"264","B",0,"6/4/16 7:26",0
"265","A",0,"6/4/16 9:06",1
"266","A",0,"6/4/16 9:10",0
"267","B",0,"6/4/16 9:19",0
"268","B",0,"6/4/16 9:31",0
"269","B",0,"6/4/16 9:33",1
"270","B",1,"6/4/16 9:39",0
"271","B",1,"6/4/16 9:47",0
"272","B",0,"6/4/16 10:07",1
"273","A",0,"6/4/16 10:21",0
"274","A",0,"6/4/16 10:27",0
"275","B",0,"6/4/16 10:28",0
"276","B",0,"6/4/16 10:33",0
"277","B",0,"6/4/16 10:38",0
"278","A",0,"6/4/16 10:41",0
"279","A",0,"6/4/16 10:41",0
"280","B",0,"6/4/16 10:53",0
"281","B",0,"6/4/16 11:01",0
"282","A",0,"6/4/16 11:31",0
"283","A",0,"6/4/16 12:00",0
"284","B",0,"6/4/16 12:12",0
"285","B",0,"6/4/16 12:42",0
"286","A",0,"6/4/16 12:59",1
"287","B",0,"6/4/16 13:00",0
"288","B",0,"6/4/16 13:12",0
"289","B",0,"6/4/16 13:16",0
"290","A",0,"6/4/16 13:26",0
"291","B",0,"6/4/16 13:38",0
"292","B",0,"6/4/16 13:43",0
"293","B",0,"6/4/16 13:54",0
"294","A",0,"6/4/16 14:00",0
"295","B",0,"6/4/16 14:02",0
"296","A",0,"6/4/16 14:06",0
"297","B",1,"6/4/16 14:14",0
"298","B",0,"6/4/16 14:18",0
"299","A",0,"6/4/16 14:21",0
"300","A",0,"6/4/16 14:30",0
"301","A",0,"6/4/16 14:31",0
"302","B",0,"6/4/16 14:38",0
"303","B",0,"6/4/16 14:42",0
"304","A",0,"6/4/16 14:56",0
"305","A",0,"6/4/16 15:15",0
"306","B",0,"6/4/16 15:16",0
"307","B",0,"6/4/16 15:16",0
"308","B",0,"6/4/16 15:33",0
"309","B",0,"6/4/16 15:55",0
"310","A",0,"6/4/16 16:00",0
"311","B",0,"6/4/16 16:16",0
"312","B",0,"6/4/16 16:19",0
"313","A",0,"6/4/16 16:36",0
"314","B",0,"6/4/16 16:38",0
"315","B",0,"6/4/16 16:40",0
"316","B",0,"6/4/16 16:40",0
"317","A",0,"6/4/16 16:54",0
"318","B",0,"6/4/16 16:58",0
"319","A",0,"6/4/16 17:32",0
"320","B",0,"6/4/16 17:43",1
"321","B",1,"6/4/16 18:22",0
"322","B",0,"6/4/16 18:35",0
"323","B",0,"6/4/16 18:43",0
"324","B",0,"6/4/16 18:54",0
"325","A",0,"6/4/16 19:00",0
"326","A",0,"6/4/16 19:00",0
"327","A",0,"6/4/16 19:01",0
"328","A",0,"6/4/16 19:02",0
"329","A",0,"6/4/16 19:09",0
"330","A",0,"6/4/16 19:12",0
"331","A",0,"6/4/16 19:41",0
"332","B",0,"6/4/16 19:48",1
"333","A",0,"6/4/16 20:13",0
"334","A",0,"6/4/16 20:14",0
"335","B",0,"6/4/16 20:22",0
"336","B",0,"6/4/16 20:22",0
"337","A",1,"6/4/16 20:29",1
"338","A",0,"6/4/16 20:36",0
"339","B",0,"6/4/16 20:41",0
"340","B",1,"6/4/16 20:45",0
"341","A",1,"6/4/16 20:49",1
"342","A",0,"6/4/16 21:14",0
"343","A",0,"6/4/16 21:29",1
"344","A",0,"6/4/16 21:37",0
"345","B",0,"6/4/16 21:39",0
"346","B",0,"6/4/16 21:39",0
"347","B",0,"6/4/16 21:59",0
"348","B",0,"6/4/16 22:08",0
"349","B",0,"6/4/16 22:09",0
"350","B",0,"6/4/16 22:10",0
"351","A",0,"6/4/16 22:16",0
"352","A",0,"6/4/16 22:17",0
"353","B",0,"6/4/16 22:18",0
"354","B",0,"6/4/16 22:40",0
"355","A",0,"6/4/16 22:48",0
"356","A",0,"6/4/16 22:58",0
"357","A",0,"6/4/16 23:00",0
"358","A",0,"6/4/16 23:02",0
"359","A",0,"6/4/16 23:05",0
"360","B",0,"6/4/16 23:08",0
"361","A",0,"6/4/16 23:13",0
"362","A",0,"6/4/16 23:14",0
"363","A",0,"6/4/16 23:16",0
"364","A",0,"6/4/16 23:25",0
"365","A",0,"6/4/16 23:28",0
"366","A",0,"6/4/16 23:45",0
"367","A",0,"6/4/16 23:48",0
"368","B",1,"6/4/16 23:53",1
"369","B",1,"6/5/16 0:00",0
"370","B",0,"6/5/16 0:20",0
"371","A",0,"6/5/16 0:22",0
"372","B",0,"6/5/16 0:41",0
"373","A",1,"6/5/16 0:44",0
"374","B",0,"6/5/16 2:17",0
"375","A",0,"6/5/16 3:33",0
"376","A",0,"6/5/16 3:34",0
"377","A",0,"6/5/16 5:15",0
"378","A",0,"6/5/16 7:26",1
"379","B",0,"6/5/16 7:48",0
"380","A",0,"6/5/16 8:36",0
"381","A",0,"6/5/16 8:53",0
"382","A",0,"6/5/16 9:15",1
"383","B",0,"6/5/16 9:31",0
"384","B",0,"6/5/16 9:55",1
"385","A",0,"6/5/16 10:02",0
"386","B",0,"6/5/16 10:02",1
"387","B",0,"6/5/16 10:04",0
"388","A",0,"6/5/16 10:31",0
"389","A",0,"6/5/16 10:39",0
"390","B",0,"6/5/16 11:00",0
"391","A",0,"6/5/16 11:18",0
"392","B",0,"6/5/16 11:28",0
"393","B",0,"6/5/16 11:31",0
"394","B",0,"6/5/16 11:35",0
"395","B",0,"6/5/16 11:43",0
"396","A",0,"6/5/16 12:02",0
"397","B",0,"6/5/16 12:12",0
"398","B",0,"6/5/16 12:12",0
"399","A",0,"6/5/16 12:14",0
"400","A",0,"6/5/16 12:18",0
"401","B",0,"6/5/16 12:20",0
"402","B",0,"6/5/16 12:30",0
"403","A",0,"6/5/16 12:51",0
"404","B",0,"6/5/16 12:57",0
"405","B",0,"6/5/16 12:59",0
"406","B",0,"6/5/16 13:06",0
"407","A",0,"6/5/16 13:13",0
"408","A",0,"6/5/16 13:23",0
"409","B",0,"6/5/16 13:28",0
"410","A",0,"6/5/16 13:36",0
"411","B",0,"6/5/16 13:46",0
"412","B",0,"6/5/16 13:46",0
"413","A",0,"6/5/16 13:46",0
"414","B",0,"6/5/16 14:09",0
"415","A",0,"6/5/16 14:20",0
"416","A",0,"6/5/16 14:32",0
"417","B",0,"6/5/16 14:45",0
"418","A",0,"6/5/16 15:02",1
"419","B",0,"6/5/16 15:18",0
"420","B",0,"6/5/16 15:36",0
"421","B",0,"6/5/16 15:48",0
"422","A",0,"6/5/16 16:25",0
"423","A",0,"6/5/16 16:36",0
"424","A",0,"6/5/16 16:50",0
"425","A",0,"6/5/16 17:04",0
"426","B",0,"6/5/16 17:15",0
"427","B",0,"6/5/16 17:28",0
"428","A",0,"6/5/16 17:39",0
"429","A",0,"6/5/16 17:39",0
"430","A",0,"6/5/16 17:41",0
"431","B",0,"6/5/16 17:42",0
"432","A",0,"6/5/16 17:43",0
"433","A",0,"6/5/16 17:44",0
"434","A",0,"6/5/16 17:55",0
"435","B",1,"6/5/16 17:56",0
"436","A",0,"6/5/16 17:58",0
"437","A",0,"6/5/16 18:06",0
"438","A",0,"6/5/16 18:27",0
"439","B",0,"6/5/16 18:28",0
"440","A",0,"6/5/16 18:33",0
"441","A",1,"6/5/16 18:49",0
"442","B",0,"6/5/16 18:51",0
"443","B",0,"6/5/16 18:58",0
"444","B",0,"6/5/16 18:59",0
"445","B",1,"6/5/16 19:04",0
"446","A",0,"6/5/16 19:14",0
"447","B",0,"6/5/16 19:19",0
"448","A",0,"6/5/16 19:22",0
"449","B",0,"6/5/16 19:24",1
"450","B",0,"6/5/16 19:32",0
"451","A",0,"6/5/16 19:34",0
"452","A",0,"6/5/16 19:40",0
"453","A",0,"6/5/16 19:43",0
"454","B",0,"6/5/16 19:49",0
"455","A",0,"6/5/16 19:49",0
"456","A",0,"6/5/16 19:49",0
"457","A",0,"6/5/16 19:54",0
"458","B",0,"6/5/16 20:04",0
"459","B",0,"6/5/16 20:09",0
"460","B",0,"6/5/16 20:10",0
"461","B",0,"6/5/16 20:13",0
"462","A",0,"6/5/16 20:27",0
"463","B",0,"6/5/16 20:29",0
"464","A",0,"6/5/16 20:31",0
"465","A",0,"6/5/16 20:33",0
"466","A",0,"6/5/16 20:44",0
"467","B",0,"6/5/16 20:46",0
"468","B",0,"6/5/16 20:50",0
"469","B",0,"6/5/16 20:52",0
"470","A",0,"6/5/16 20:56",0
"471","A",0,"6/5/16 20:56",0
"472","B",0,"6/5/16 21:36",0
"473","A",0,"6/5/16 21:45",1
"474","A",0,"6/5/16 22:09",0
"475","A",0,"6/5/16 22:15",0
"476","B",0,"6/5/16 22:18",0
"477","A",0,"6/5/16 22:21",0
"478","A",0,"6/5/16 22:21",0
"479","A",0,"6/5/16 22:22",0
"480","B",0,"6/5/16 22:29",0
"481","B",1,"6/5/16 22:37",0
"482","B",0,"6/5/16 22:43",0
"483","A",0,"6/5/16 23:02",0
"484","B",0,"6/5/16 23:02",0
"485","B",0,"6/5/16 23:08",0
"486","A",0,"6/5/16 23:27",0
"487","B",0,"6/5/16 23:48",0
"488","A",0,"6/5/16 23:51",0
"489","A",0,"6/5/16 23:57",0
"490","B",0,"6/6/16 0:22",0
"491","B",0,"6/6/16 0:44",0
"492","A",0,"6/6/16 0:58",0
"493","B",0,"6/6/16 1:39",1
"494","A",0,"6/6/16 1:42",0
"495","A",0,"6/6/16 2:05",1
"496","A",0,"6/6/16 2:20",0
"497","A",0,"6/6/16 2:46",0
"498","A",0,"6/6/16 7:31",0
"499","B",0,"6/6/16 8:08",1
"500","A",0,"6/6/16 8:51",0
"501","B",0,"6/6/16 9:04",1
"502","A",0,"6/6/16 9:04",0
"503","A",0,"6/6/16 9:09",0
"504","B",0,"6/6/16 9:09",0
"505","B",0,"6/6/16 9:49",0
"506","A",0,"6/6/16 9:56",0
"507","A",0,"6/6/16 10:18",0
"508","A",0,"6/6/16 10:27",1
"509","B",0,"6/6/16 10:33",1
"510","B",0,"6/6/16 10:49",0
"511","A",0,"6/6/16 11:13",1
"512","A",0,"6/6/16 11:18",0
"513","A",0,"6/6/16 11:25",0
"514","A",0,"6/6/16 11:26",0
"515","B",0,"6/6/16 11:33",0
"516","A",0,"6/6/16 11:34",0
"517","B",0,"6/6/16 11:42",1
"518","A",1,"6/6/16 11:42",0
"519","A",0,"6/6/16 11:49",0
"520","B",0,"6/6/16 12:07",0
"521","B",0,"6/6/16 12:09",0
"522","A",0,"6/6/16 12:18",0
"523","B",0,"6/6/16 12:24",0
"524","B",0,"6/6/16 12:25",0
"525","B",0,"6/6/16 12:29",0
"526","A",0,"6/6/16 12:33",0
"527","B",0,"6/6/16 12:53",1
"528","A",0,"6/6/16 12:55",0
"529","B",0,"6/6/16 13:19",0
"530","B",0,"6/6/16 13:26",0
"531","B",0,"6/6/16 13:53",0
"532","A",0,"6/6/16 13:53",0
"533","B",0,"6/6/16 14:23",0
"534","B",0,"6/6/16 14:29",0
"535","B",0,"6/6/16 14:44",0
"536","A",1,"6/6/16 14:45",0
"537","A",0,"6/6/16 14:55",0
"538","B",0,"6/6/16 15:06",0
"539","A",0,"6/6/16 15:17",0
"540","A",0,"6/6/16 15:29",0
"541","B",0,"6/6/16 15:41",0
"542","B",0,"6/6/16 15:45",0
"543","A",1,"6/6/16 15:50",0
"544","B",0,"6/6/16 16:08",0
"545","A",0,"6/6/16 16:13",0
"546","B",0,"6/6/16 16:22",0
"547","B",1,"6/6/16 16:23",0
"548","A",0,"6/6/16 16:23",1
"549","B",0,"6/6/16 16:24",0
"550","A",0,"6/6/16 16:38",0
"551","A",0,"6/6/16 16:38",0
"552","A",0,"6/6/16 16:41",0
"553","B",0,"6/6/16 16:43",0
"554","B",1,"6/6/16 16:44",0
"555","B",1,"6/6/16 17:15",0
"556","A",0,"6/6/16 17:19",0
"557","B",0,"6/6/16 17:43",0
"558","B",0,"6/6/16 17:59",0
"559","A",0,"6/6/16 18:03",0
"560","A",0,"6/6/16 18:09",0
"561","A",0,"6/6/16 18:36",1
"562","A",0,"6/6/16 18:43",0
"563","A",0,"6/6/16 18:53",0
"564","B",0,"6/6/16 18:59",1
"565","A",0,"6/6/16 19:06",0
"566","A",0,"6/6/16 19:15",0
"567","B",0,"6/6/16 19:16",0
"568","B",0,"6/6/16 19:23",0
"569","B",0,"6/6/16 19:26",0
"570","B",0,"6/6/16 19:39",0
"571","B",0,"6/6/16 19:52",0
"572","B",0,"6/6/16 19:58",0
"573","B",0,"6/6/16 19:59",0
"574","A",0,"6/6/16 20:04",1
"575","A",0,"6/6/16 20:09",0
"576","A",0,"6/6/16 20:17",0
"577","B",0,"6/6/16 20:24",0
"578","A",0,"6/6/16 20:30",0
"579","A",0,"6/6/16 20:36",0
"580","A",1,"6/6/16 20:42",0
"581","A",0,"6/6/16 20:44",0
"582","B",0,"6/6/16 20:54",0
"583","A",1,"6/6/16 21:01",0
"584","B",0,"6/6/16 21:17",0
"585","B",0,"6/6/16 21:23",0
"586","A",0,"6/6/16 21:38",0
"587","A",0,"6/6/16 21:44",0
"588","A",1,"6/6/16 21:49",1
"589","A",0,"6/6/16 22:12",0
"590","A",0,"6/6/16 22:13",0
"591","A",0,"6/6/16 22:23",0
"592","B",0,"6/6/16 22:33",0
"593","A",0,"6/6/16 22:34",0
"594","A",0,"6/6/16 22:34",0
"595","B",0,"6/6/16 22:45",0
"596","B",0,"6/6/16 22:50",0
"597","B",1,"6/6/16 22:52",0
"598","B",0,"6/6/16 22:57",0
"599","B",0,"6/6/16 23:03",0
"600","B",1,"6/6/16 23:03",0
"601","A",0,"6/6/16 23:09",0
"602","A",0,"6/6/16 23:16",0
"603","A",0,"6/6/16 23:21",0
"604","B",0,"6/6/16 23:43",0
"605","B",0,"6/6/16 23:45",0
"606","A",0,"6/7/16 0:05",0
"607","A",0,"6/7/16 0:07",0
"608","A",0,"6/7/16 0:16",0
"609","B",0,"6/7/16 0:35",1
"610","B",0,"6/7/16 0:43",0
"611","B",0,"6/7/16 0:51",0
"612","A",0,"6/7/16 0:57",0
"613","B",0,"6/7/16 1:34",0
"614","A",0,"6/7/16 1:35",0
"615","A",0,"6/7/16 2:37",0
"616","B",0,"6/7/16 3:05",0
"617","B",0,"6/7/16 3:22",0
"618","A",0,"6/7/16 3:51",0
"619","B",0,"6/7/16 4:46",0
"620","A",0,"6/7/16 7:36",0
"621","B",0,"6/7/16 9:08",0
"622","B",0,"6/7/16 9:38",0
"623","B",0,"6/7/16 9:52",0
"624","B",0,"6/7/16 10:11",0
"625","B",0,"6/7/16 10:12",0
"626","B",0,"6/7/16 10:33",0
"627","A",0,"6/7/16 10:57",0
"628","B",0,"6/7/16 11:08",0
"629","B",0,"6/7/16 11:16",0
"630","B",0,"6/7/16 11:20",0
"631","B",0,"6/7/16 11:28",0
"632","B",0,"6/7/16 11:33",0
"633","A",0,"6/7/16 11:37",0
"634","A",0,"6/7/16 11:43",0
"635","B",0,"6/7/16 11:43",0
"636","A",0,"6/7/16 11:55",0
"637","B",1,"6/7/16 11:58",0
"638","B",0,"6/7/16 12:02",0
"639","A",1,"6/7/16 12:14",0
"640","B",0,"6/7/16 12:16",0
"641","B",0,"6/7/16 12:17",0
"642","A",0,"6/7/16 12:18",0
"643","A",0,"6/7/16 12:20",0
"644","B",0,"6/7/16 12:20",0
"645","B",0,"6/7/16 12:30",0
"646","B",0,"6/7/16 12:36",0
"647","B",1,"6/7/16 12:38",0
"648","A",0,"6/7/16 12:58",0
"649","A",0,"6/7/16 13:00",0
"650","B",1,"6/7/16 13:03",0
"651","A",0,"6/7/16 13:08",0
"652","A",0,"6/7/16 13:11",0
"653","B",0,"6/7/16 13:16",0
"654","A",0,"6/7/16 13:20",0
"655","B",0,"6/7/16 13:27",0
"656","B",1,"6/7/16 13:50",0
"657","B",0,"6/7/16 14:19",0
"658","B",0,"6/7/16 14:22",0
"659","A",0,"6/7/16 14:26",0
"660","B",0,"6/7/16 14:27",0
"661","B",0,"6/7/16 14:33",0
"662","A",0,"6/7/16 14:33",0
"663","B",0,"6/7/16 14:40",1
"664","B",0,"6/7/16 14:43",1
"665","A",0,"6/7/16 14:44",0
"666","B",0,"6/7/16 15:04",0
"667","B",0,"6/7/16 15:14",0
"668","A",0,"6/7/16 15:20",0
"669","B",0,"6/7/16 15:28",0
"670","A",0,"6/7/16 15:41",1
"671","A",0,"6/7/16 15:44",0
"672","B",0,"6/7/16 16:13",0
"673","A",0,"6/7/16 16:27",0
"674","B",0,"6/7/16 16:36",0
"675","B",0,"6/7/16 16:52",0
"676","A",0,"6/7/16 16:59",0
"677","B",0,"6/7/16 17:19",0
"678","B",0,"6/7/16 17:23",0
"679","B",0,"6/7/16 17:24",0
"680","B",0,"6/7/16 17:27",0
"681","B",0,"6/7/16 17:35",0
"682","A",0,"6/7/16 18:07",0
"683","A",0,"6/7/16 18:15",0
"684","A",0,"6/7/16 18:22",0
"685","A",0,"6/7/16 18:27",0
"686","B",0,"6/7/16 18:30",0
"687","B",0,"6/7/16 18:32",0
"688","B",0,"6/7/16 18:37",0
"689","A",0,"6/7/16 18:50",0
"690","A",0,"6/7/16 18:53",1
"691","B",0,"6/7/16 19:16",0
"692","B",0,"6/7/16 19:18",0
"693","A",0,"6/7/16 19:26",0
"694","B",0,"6/7/16 19:30",0
"695","A",1,"6/7/16 19:35",0
"696","B",0,"6/7/16 19:36",0
"697","A",0,"6/7/16 19:44",1
"698","B",0,"6/7/16 19:46",0
"699","A",0,"6/7/16 19:57",0
"700","B",0,"6/7/16 20:09",0
"701","A",0,"6/7/16 20:32",0
"702","A",0,"6/7/16 20:34",0
"703","A",0,"6/7/16 20:35",0
"704","B",0,"6/7/16 20:45",0
"705","A",0,"6/7/16 20:49",0
"706","B",0,"6/7/16 21:02",0
"707","A",0,"6/7/16 21:03",0
"708","B",0,"6/7/16 21:05",0
"709","B",0,"6/7/16 21:10",0
"710","B",0,"6/7/16 21:20",0
"711","A",0,"6/7/16 21:32",0
"712","B",0,"6/7/16 21:34",0
"713","A",0,"6/7/16 21:49",0
"714","B",0,"6/7/16 21:55",0
"715","A",0,"6/7/16 22:05",0
"716","A",0,"6/7/16 22:13",0
"717","A",0,"6/7/16 22:13",0
"718","A",0,"6/7/16 22:15",0
"719","B",1,"6/7/16 22:20",0
"720","B",0,"6/7/16 22:21",0
"721","B",0,"6/7/16 22:28",0
"722","B",0,"6/7/16 22:30",0
"723","B",0,"6/7/16 22:33",0
"724","A",0,"6/7/16 22:33",0
"725","B",0,"6/7/16 22:59",0
"726","B",0,"6/7/16 23:00",0
"727","B",0,"6/7/16 23:03",0
"728","B",0,"6/7/16 23:03",0
"729","B",0,"6/7/16 23:08",0
"730","B",0,"6/7/16 23:14",0
"731","A",0,"6/7/16 23:30",0
"732","A",0,"6/7/16 23:34",0
"733","B",1,"6/7/16 23:44",0
"734","B",0,"6/8/16 0:03",0
"735","A",0,"6/8/16 0:07",0
"736","B",0,"6/8/16 0:39",0
"737","A",0,"6/8/16 0:54",1
"738","A",0,"6/8/16 2:05",0
"739","A",0,"6/8/16 5:39",0
"740","B",0,"6/8/16 7:19",0
"741","A",0,"6/8/16 8:03",0
"742","B",0,"6/8/16 8:44",0
"743","A",0,"6/8/16 8:44",0
"744","B",1,"6/8/16 8:54",0
"745","A",0,"6/8/16 9:09",0
"746","B",0,"6/8/16 9:12",0
"747","A",0,"6/8/16 9:35",0
"748","B",0,"6/8/16 9:43",0
"749","A",0,"6/8/16 9:56",0
"750","B",0,"6/8/16 10:00",0
"751","A",0,"6/8/16 10:02",0
"752","B",0,"6/8/16 10:02",0
"753","A",0,"6/8/16 10:03",0
"754","A",0,"6/8/16 10:06",0
"755","A",0,"6/8/16 10:09",0
"756","B",0,"6/8/16 10:10",1
"757","A",0,"6/8/16 10:19",0
"758","B",0,"6/8/16 10:21",0
"759","B",0,"6/8/16 10:23",0
"760","A",0,"6/8/16 10:23",0
"761","A",0,"6/8/16 10:29",0
"762","B",0,"6/8/16 10:41",0
"763","A",0,"6/8/16 10:58",0
"764","B",0,"6/8/16 10:59",0
"765","B",0,"6/8/16 11:17",0
"766","A",0,"6/8/16 11:18",0
"767","A",0,"6/8/16 11:26",0
"768","A",0,"6/8/16 11:27",0
"769","A",0,"6/8/16 11:51",0
"770","A",0,"6/8/16 11:51",0
"771","A",0,"6/8/16 12:00",0
"772","A",0,"6/8/16 12:00",0
"773","A",0,"6/8/16 12:13",0
"774","B",0,"6/8/16 12:15",0
"775","A",0,"6/8/16 12:34",0
"776","A",0,"6/8/16 12:37",0
"777","B",0,"6/8/16 12:46",0
"778","B",0,"6/8/16 12:50",0
"779","A",0,"6/8/16 12:50",0
"780","B",0,"6/8/16 12:58",1
"781","B",0,"6/8/16 13:27",0
"782","B",0,"6/8/16 13:39",0
"783","A",0,"6/8/16 13:56",0
"784","A",0,"6/8/16 13:56",0
"785","B",0,"6/8/16 14:02",0
"786","B",0,"6/8/16 14:06",0
"787","A",0,"6/8/16 14:33",0
"788","B",0,"6/8/16 14:41",0
"789","B",0,"6/8/16 14:44",0
"790","A",0,"6/8/16 14:54",0
"791","A",0,"6/8/16 15:02",0
"792","A",0,"6/8/16 15:04",0
"793","B",0,"6/8/16 15:05",0
"794","A",0,"6/8/16 15:07",0
"795","A",0,"6/8/16 15:14",0
"796","A",0,"6/8/16 15:23",0
"797","A",1,"6/8/16 15:25",0
"798","A",0,"6/8/16 15:34",0
"799","A",0,"6/8/16 15:48",0
"800","A",0,"6/8/16 15:59",0
"801","B",0,"6/8/16 16:15",0
"802","B",0,"6/8/16 16:24",0
"803","B",0,"6/8/16 16:25",0
"804","A",0,"6/8/16 16:34",0
"805","B",0,"6/8/16 16:42",1
"806","A",0,"6/8/16 16:57",0
"807","B",0,"6/8/16 17:02",0
"808","A",0,"6/8/16 17:04",0
"809","A",0,"6/8/16 17:21",0
"810","B",0,"6/8/16 17:26",0
"811","A",0,"6/8/16 17:28",0
"812","B",0,"6/8/16 17:36",0
"813","B",0,"6/8/16 18:07",0
"814","A",0,"6/8/16 18:25",0
"815","B",0,"6/8/16 18:28",0
"816","A",0,"6/8/16 18:41",0
"817","A",0,"6/8/16 18:49",0
"818","A",0,"6/8/16 18:56",0
"819","B",0,"6/8/16 18:57",0
"820","B",0,"6/8/16 19:08",0
"821","B",0,"6/8/16 19:10",0
"822","A",0,"6/8/16 19:15",0
"823","A",0,"6/8/16 19:17",0
"824","A",0,"6/8/16 19:24",0
"825","B",0,"6/8/16 19:24",0
"826","B",0,"6/8/16 19:30",0
"827","A",0,"6/8/16 19:34",0
"828","A",0,"6/8/16 19:38",0
"829","A",0,"6/8/16 19:49",0
"830","A",0,"6/8/16 19:49",0
"831","A",0,"6/8/16 20:12",0
"832","A",0,"6/8/16 20:24",0
"833","A",0,"6/8/16 21:05",0
"834","A",0,"6/8/16 21:37",0
"835","A",0,"6/8/16 21:42",0
"836","A",1,"6/8/16 21:46",0
"837","A",0,"6/8/16 21:50",0
"838","A",0,"6/8/16 22:02",0
"839","A",1,"6/8/16 22:11",0
"840","B",0,"6/8/16 22:12",0
"841","A",1,"6/8/16 22:13",0
"842","A",0,"6/8/16 22:22",0
"843","B",0,"6/8/16 22:24",0
"844","A",0,"6/8/16 22:29",0
"845","A",0,"6/8/16 22:35",0
"846","A",0,"6/8/16 22:37",0
"847","A",0,"6/8/16 22:38",0
"848","B",0,"6/8/16 22:41",0
"849","B",0,"6/8/16 22:46",0
"850","A",0,"6/8/16 22:50",0
"851","A",0,"6/8/16 22:51",0
"852","B",0,"6/8/16 23:11",0
"853","A",0,"6/8/16 23:29",0
"854","B",1,"6/8/16 23:48",0
"855","B",0,"6/8/16 23:50",0
"856","A",0,"6/8/16 23:51",0
"857","A",0,"6/9/16 0:14",0
"858","A",0,"6/9/16 0:22",0
"859","A",0,"6/9/16 0:35",0
"860","B",0,"6/9/16 0:54",0
"861","B",0,"6/9/16 1:05",0
"862","A",0,"6/9/16 1:32",0
"863","A",0,"6/9/16 2:07",0
"864","B",0,"6/9/16 2:28",0
"865","B",0,"6/9/16 2:53",0
"866","B",0,"6/9/16 3:19",0
"867","B",0,"6/9/16 3:38",0
"868","B",0,"6/9/16 6:06",0
"869","A",0,"6/9/16 6:33",0
"870","B",0,"6/9/16 6:55",0
"871","B",0,"6/9/16 7:19",0
"872","B",0,"6/9/16 7:36",0
"873","B",0,"6/9/16 8:11",0
"874","B",0,"6/9/16 8:15",0
"875","B",0,"6/9/16 8:20",0
"876","A",0,"6/9/16 8:58",0
"877","B",0,"6/9/16 10:06",0
"878","A",0,"6/9/16 10:06",0
"879","A",0,"6/9/16 10:35",0
"880","A",0,"6/9/16 10:44",0
"881","A",0,"6/9/16 10:45",0
"882","B",0,"6/9/16 10:55",0
"883","A",0,"6/9/16 10:59",0
"884","A",0,"6/9/16 11:31",0
"885","B",0,"6/9/16 11:31",0
"886","A",0,"6/9/16 11:47",0
"887","A",0,"6/9/16 11:48",0
"888","A",0,"6/9/16 12:00",0
"889","B",1,"6/9/16 12:04",0
"890","A",0,"6/9/16 12:07",0
"891","A",0,"6/9/16 12:23",0
"892","A",0,"6/9/16 12:36",1
"893","B",1,"6/9/16 12:46",0
"894","B",0,"6/9/16 12:53",0
"895","B",0,"6/9/16 12:55",0
"896","A",0,"6/9/16 12:55",0
"897","A",0,"6/9/16 13:00",1
"898","B",0,"6/9/16 13:09",0
"899","A",0,"6/9/16 13:15",0
"900","A",0,"6/9/16 13:23",0
"901","B",0,"6/9/16 13:25",0
"902","A",1,"6/9/16 13:28",0
"903","B",0,"6/9/16 13:30",0
"904","B",0,"6/9/16 13:32",0
"905","A",0,"6/9/16 13:46",0
"906","A",0,"6/9/16 13:49",0
"907","B",0,"6/9/16 13:53",0
"908","A",0,"6/9/16 14:18",0
"909","B",0,"6/9/16 14:19",0
"910","A",0,"6/9/16 14:19",0
"911","A",0,"6/9/16 14:28",0
"912","B",0,"6/9/16 14:45",0
"913","A",0,"6/9/16 14:49",0
"914","A",0,"6/9/16 15:01",0
"915","B",0,"6/9/16 15:05",0
"916","A",0,"6/9/16 15:10",0
"917","A",0,"6/9/16 15:13",0
"918","A",0,"6/9/16 15:22",0
"919","B",0,"6/9/16 15:27",0
"920","A",0,"6/9/16 15:31",0
"921","B",0,"6/9/16 15:33",0
"922","A",0,"6/9/16 15:44",0
"923","B",0,"6/9/16 15:45",0
"924","B",0,"6/9/16 15:54",0
"925","A",0,"6/9/16 15:56",0
"926","B",0,"6/9/16 15:56",0
"927","B",0,"6/9/16 16:05",0
"928","A",0,"6/9/16 16:10",0
"929","A",0,"6/9/16 16:13",0
"930","B",0,"6/9/16 16:23",0
"931","B",0,"6/9/16 16:25",0
"932","B",0,"6/9/16 16:39",0
"933","A",0,"6/9/16 16:41",0
"934","A",0,"6/9/16 16:49",0
"935","A",0,"6/9/16 17:09",0
"936","B",0,"6/9/16 17:12",0
"937","B",0,"6/9/16 17:28",0
"938","A",0,"6/9/16 17:33",0
"939","B",0,"6/9/16 17:42",0
"940","A",0,"6/9/16 17:44",0
"941","B",0,"6/9/16 17:48",0
"942","B",1,"6/9/16 17:50",0
"943","B",0,"6/9/16 17:51",0
"944","B",0,"6/9/16 17:51",0
"945","A",0,"6/9/16 18:01",0
"946","A",0,"6/9/16 18:15",0
"947","B",0,"6/9/16 18:16",0
"948","B",0,"6/9/16 18:20",0
"949","A",0,"6/9/16 18:28",0
"950","A",0,"6/9/16 18:36",0
"951","B",1,"6/9/16 18:41",0
"952","A",0,"6/9/16 18:44",0
"953","A",0,"6/9/16 18:44",0
"954","A",0,"6/9/16 19:04",0
"955","A",0,"6/9/16 19:25",0
"956","A",0,"6/9/16 19:44",0
"957","B",1,"6/9/16 19:45",0
"958","A",0,"6/9/16 19:50",0
"959","B",0,"6/9/16 19:51",0
"960","B",0,"6/9/16 20:04",0
"961","B",0,"6/9/16 20:13",0
"962","A",0,"6/9/16 20:22",0
"963","A",0,"6/9/16 20:24",0
"964","A",0,"6/9/16 20:35",0
"965","B",0,"6/9/16 20:43",0
"966","A",0,"6/9/16 20:45",0
"967","A",0,"6/9/16 20:45",0
"968","B",0,"6/9/16 20:46",0
"969","A",0,"6/9/16 21:17",0
"970","A",0,"6/9/16 21:23",0
"971","B",1,"6/9/16 21:23",0
"972","A",0,"6/9/16 21:34",0
"973","B",0,"6/9/16 21:36",0
"974","B",1,"6/9/16 21:39",0
"975","B",0,"6/9/16 21:42",0
"976","B",0,"6/9/16 21:44",0
"977","A",0,"6/9/16 21:45",0
"978","B",0,"6/9/16 22:23",0
"979","B",0,"6/9/16 22:27",0
"980","A",0,"6/9/16 22:33",0
"981","B",0,"6/9/16 22:37",0
"982","B",0,"6/9/16 22:39",0
"983","B",1,"6/9/16 22:49",0
"984","A",0,"6/9/16 23:06",0
"985","A",0,"6/9/16 23:07",0
"986","B",0,"6/9/16 23:13",0
"987","B",0,"6/9/16 23:17",0
"988","A",0,"6/9/16 23:22",0
"989","B",0,"6/9/16 23:28",0
"990","B",0,"6/10/16 0:05",0
"991","B",0,"6/10/16 0:08",0
"992","B",0,"6/10/16 0:12",0
"993","A",0,"6/10/16 0:18",0
"994","B",0,"6/10/16 0:19",0
"995","A",0,"6/10/16 0:20",0
"996","B",0,"6/10/16 0:21",0
"997","B",0,"6/10/16 0:52",0
"998","B",0,"6/10/16 0:55",0
"999","A",0,"6/10/16 1:06",0
"1000","B",0,"6/10/16 1:11",0
