,basket,,,,,,,
1,toothbrush,toothpaste,beer,diapers,pretzels,bread,,
2,cheese,bread,mustard,burgers,,,,
3,bread,,,,,,,
4,bread,beer,,,,,,
5,bread,diapers,cheese,,,,,
6,beer,bread,,,,,,
7,cheese,bread,mustard,burgers,,,,
8,cheese,bread,,,,,,
9,bread,,,,,,,
10,bread,cola,toothbrush,,,,,
11,beer,cola,bread,,,,,
12,diapers,bread,,,,,,
13,bread,diapers,toothbrush,pretzels,,,,
14,cheese,diapers,bread,,,,,
15,cheese,bread,burgers,,,,,
16,mustard,beer,bread,cheese,,,,
17,bread,toothpaste,cola,,,,,
18,mustard,bread,,,,,,
19,beer,bread,,,,,,
20,toothbrush,bread,,,,,,
21,beer,bread,cheese,,,,,
22,diapers,cheese,bread,cola,mustard,,,
23,bread,cheese,,,,,,
24,bread,mustard,cheese,beer,,,,
25,cheese,pretzels,diapers,bread,,,,
26,bread,cola,burgers,diapers,mustard,,,
27,cheese,burgers,bread,pretzels,,,,
28,bread,,,,,,,
29,cheese,bread,pretzels,diapers,beer,,,
30,cheese,bread,,,,,,
31,pretzels,bread,,,,,,
32,bread,beer,,,,,,
33,diapers,bread,beer,,,,,
34,bread,cheese,,,,,,
35,bread,,,,,,,
36,bread,diapers,,,,,,
37,bread,,,,,,,
38,bread,,,,,,,
39,cheese,bread,toothbrush,,,,,
40,bread,toothpaste,,,,,,
41,bread,,,,,,,
42,bread,cola,cheese,burgers,beer,,,
43,bread,beer,,,,,,
44,bread,,,,,,,
45,cheese,diapers,pretzels,mustard,bread,,,
46,mustard,toothbrush,bread,cheese,,,,
47,bread,,,,,,,
48,cheese,bread,toothbrush,diapers,,,,
49,cheese,bread,,,,,,
50,cola,bread,cheese,diapers,,,,
51,bread,toothbrush,cheese,pretzels,beer,cola,,
52,cheese,bread,,,,,,
53,bread,mustard,,,,,,
54,bread,burgers,,,,,,
55,mustard,bread,,,,,,
56,bread,mustard,toothbrush,,,,,
57,diapers,bread,,,,,,
58,bread,pretzels,toothpaste,,,,,
59,bread,,,,,,,
60,bread,mustard,beer,cola,,,,
61,bread,beer,pretzels,,,,,
62,bread,cheese,,,,,,
63,beer,bread,cheese,,,,,
64,bread,toothbrush,,,,,,
65,bread,diapers,,,,,,
66,cola,cheese,beer,bread,,,,
67,bread,pretzels,burgers,beer,,,,
68,beer,diapers,bread,,,,,
69,cola,bread,beer,diapers,burgers,,,
70,bread,diapers,,,,,,
71,bread,mustard,,,,,,
72,diapers,beer,toothpaste,bread,,,,
73,beer,cheese,cola,bread,,,,
74,bread,,,,,,,
75,cheese,pretzels,bread,burgers,diapers,beer,,
76,diapers,cola,bread,beer,,,,
77,bread,beer,,,,,,
78,diapers,bread,beer,,,,,
79,bread,,,,,,,
80,bread,cheese,,,,,,
81,bread,burgers,cheese,,,,,
82,bread,mustard,,,,,,
83,burgers,bread,,,,,,
84,bread,,,,,,,
85,mustard,bread,,,,,,
86,cheese,bread,,,,,,
87,bread,,,,,,,
88,bread,diapers,toothbrush,,,,,
89,beer,cheese,bread,burgers,,,,
90,mustard,cheese,bread,toothpaste,,,,
91,bread,cheese,cola,,,,,
92,burgers,bread,,,,,,
93,burgers,bread,,,,,,
94,bread,burgers,cola,,,,,
95,cheese,bread,,,,,,
96,cheese,bread,,,,,,
97,beer,bread,,,,,,
98,diapers,bread,,,,,,
99,mustard,cheese,bread,beer,,,,
100,toothpaste,beer,bread,cola,,,,
101,beer,bread,,,,,,
102,cheese,toothbrush,bread,diapers,,,,
103,pretzels,bread,cheese,,,,,
104,pretzels,mustard,beer,bread,,,,
105,burgers,toothbrush,bread,cheese,,,,
106,diapers,cheese,bread,,,,,
107,mustard,burgers,bread,toothpaste,,,,
108,bread,toothbrush,burgers,,,,,
109,burgers,bread,beer,,,,,
110,beer,bread,cheese,,,,,
111,cheese,beer,mustard,bread,,,,
112,cheese,mustard,bread,pretzels,,,,
113,beer,cheese,bread,toothbrush,,,,
114,pretzels,bread,burgers,beer,,,,
115,cheese,bread,,,,,,
116,cheese,toothbrush,cola,bread,,,,
117,cheese,diapers,beer,bread,,,,
118,bread,burgers,diapers,beer,mustard,,,
119,bread,diapers,mustard,,,,,
120,bread,beer,burgers,,,,,
121,toothbrush,bread,beer,pretzels,,,,
122,bread,,,,,,,
123,burgers,toothbrush,bread,beer,,,,
124,bread,cheese,,,,,,
125,diapers,cheese,bread,,,,,
126,bread,cheese,,,,,,
127,diapers,cheese,bread,,,,,
128,burgers,bread,,,,,,
129,toothpaste,cheese,bread,pretzels,,,,
130,cheese,bread,burgers,diapers,,,,
131,pretzels,bread,cheese,,,,,
132,bread,cheese,,,,,,
133,beer,cheese,bread,burgers,,,,
134,cheese,bread,toothbrush,,,,,
135,pretzels,burgers,bread,,,,,
136,bread,diapers,toothbrush,beer,,,,
137,beer,bread,,,,,,
138,bread,cola,,,,,,
139,toothpaste,bread,diapers,,,,,
140,mustard,beer,diapers,bread,cheese,,,
141,mustard,bread,diapers,cheese,,,,
142,bread,cheese,,,,,,
143,bread,toothbrush,cola,diapers,beer,,,
144,bread,diapers,pretzels,cheese,,,,
145,cheese,bread,burgers,,,,,
146,bread,toothbrush,,,,,,
147,mustard,cheese,cola,bread,,,,
148,bread,beer,diapers,cola,mustard,,,
149,pretzels,bread,diapers,cheese,,,,
150,cheese,bread,diapers,burgers,,,,
151,beer,bread,,,,,,
152,diapers,bread,beer,pretzels,,,,
153,cheese,pretzels,bread,,,,,
154,bread,cheese,,,,,,
155,cola,bread,,,,,,
156,cola,cheese,bread,diapers,,,,
157,bread,,,,,,,
158,cheese,bread,,,,,,
159,beer,cola,bread,,,,,
160,bread,cola,diapers,,,,,
161,beer,toothbrush,diapers,bread,,,,
162,toothbrush,bread,,,,,,
163,bread,cheese,cola,beer,,,,
164,pretzels,bread,,,,,,
165,beer,bread,cheese,,,,,
166,cheese,bread,,,,,,
167,bread,burgers,cola,,,,,
168,beer,bread,,,,,,
169,cheese,burgers,bread,beer,diapers,,,
170,mustard,bread,diapers,,,,,
171,bread,diapers,,,,,,
172,bread,diapers,toothbrush,,,,,
173,cheese,burgers,bread,,,,,
174,cheese,bread,,,,,,
175,bread,,,,,,,
176,burgers,cola,bread,beer,,,,
177,diapers,cola,bread,,,,,
178,bread,,,,,,,
179,cheese,diapers,beer,pretzels,bread,,,
180,cheese,bread,,,,,,
181,beer,cheese,toothbrush,bread,,,,
182,bread,mustard,,,,,,
183,diapers,bread,cola,burgers,,,,
184,beer,bread,cheese,,,,,
185,bread,,,,,,,
186,burgers,bread,,,,,,
187,cheese,bread,,,,,,
188,bread,cheese,,,,,,
189,bread,,,,,,,
190,bread,mustard,,,,,,
191,burgers,cheese,bread,toothbrush,,,,
192,bread,,,,,,,
193,cheese,burgers,toothbrush,bread,,,,
194,mustard,bread,cola,cheese,,,,
195,cheese,burgers,mustard,bread,beer,,,
196,mustard,bread,,,,,,
197,cola,cheese,beer,bread,,,,
198,bread,cheese,,,,,,
199,cheese,bread,,,,,,
200,bread,cola,beer,,,,,
201,bread,cola,cheese,mustard,,,,
202,beer,diapers,bread,,,,,
203,cheese,bread,toothpaste,,,,,
204,bread,,,,,,,
205,bread,beer,,,,,,
206,diapers,bread,burgers,toothbrush,,,,
207,bread,pretzels,diapers,,,,,
208,cheese,bread,pretzels,,,,,
209,mustard,diapers,bread,,,,,
210,bread,diapers,cheese,,,,,
211,cheese,toothpaste,bread,burgers,,,,
212,toothbrush,bread,,,,,,
213,diapers,bread,toothbrush,beer,,,,
214,beer,cheese,diapers,bread,,,,
215,pretzels,bread,,,,,,
216,cheese,bread,cola,,,,,
217,mustard,diapers,bread,,,,,
218,mustard,toothpaste,cheese,bread,pretzels,,,
219,cheese,bread,cola,burgers,,,,
220,bread,mustard,pretzels,toothpaste,cheese,,,
221,bread,cheese,,,,,,
222,cola,bread,,,,,,
223,mustard,bread,,,,,,
224,cheese,bread,,,,,,
225,diapers,mustard,bread,,,,,
226,bread,diapers,,,,,,
227,mustard,bread,cheese,,,,,
228,bread,cheese,,,,,,
229,pretzels,bread,cheese,,,,,
230,burgers,cheese,bread,,,,,
231,burgers,bread,beer,,,,,
232,beer,bread,cheese,cola,,,,
233,bread,cheese,burgers,,,,,
234,bread,beer,,,,,,
235,burgers,bread,cola,,,,,
236,cheese,bread,diapers,burgers,,,,
237,beer,burgers,bread,cheese,,,,
238,bread,burgers,mustard,beer,,,,
239,cheese,bread,,,,,,
240,bread,,,,,,,
241,cheese,diapers,pretzels,bread,,,,
242,mustard,bread,,,,,,
243,toothpaste,cheese,bread,,,,,
244,diapers,cheese,mustard,toothbrush,beer,bread,,
245,bread,toothpaste,,,,,,
246,bread,beer,,,,,,
247,bread,,,,,,,
248,bread,burgers,,,,,,
249,diapers,toothbrush,beer,cheese,cola,bread,,
250,cola,diapers,bread,mustard,,,,
251,bread,toothbrush,toothpaste,,,,,
252,bread,cheese,beer,,,,,
253,bread,cheese,burgers,toothbrush,mustard,cola,,
254,cheese,bread,,,,,,
255,bread,,,,,,,
256,bread,mustard,toothpaste,,,,,
257,bread,diapers,,,,,,
258,cheese,bread,,,,,,
259,cheese,bread,,,,,,
260,diapers,bread,,,,,,
261,toothpaste,beer,bread,,,,,
262,toothbrush,bread,beer,,,,,
263,cheese,burgers,bread,toothpaste,,,,
264,diapers,bread,cheese,,,,,
265,burgers,bread,cheese,,,,,
266,bread,diapers,beer,,,,,
267,bread,toothbrush,beer,cheese,pretzels,,,
268,bread,cheese,,,,,,
269,pretzels,cheese,diapers,burgers,bread,,,
270,burgers,mustard,bread,beer,diapers,,,
271,cheese,toothpaste,mustard,bread,,,,
272,mustard,pretzels,diapers,cheese,bread,,,
273,bread,beer,,,,,,
274,bread,pretzels,beer,,,,,
275,bread,,,,,,,
276,beer,pretzels,bread,,,,,
277,bread,cheese,,,,,,
278,mustard,cheese,diapers,bread,,,,
279,bread,,,,,,,
280,mustard,bread,,,,,,
281,bread,diapers,,,,,,
282,burgers,cheese,pretzels,bread,beer,,,
283,diapers,bread,beer,,,,,
284,bread,burgers,beer,cheese,,,,
285,burgers,bread,diapers,,,,,
286,bread,cola,,,,,,
287,burgers,mustard,beer,bread,,,,
288,bread,,,,,,,
289,toothbrush,bread,cheese,burgers,,,,
290,bread,toothbrush,burgers,beer,,,,
291,beer,bread,toothpaste,,,,,
292,burgers,cheese,bread,,,,,
293,bread,cheese,beer,,,,,
294,cheese,bread,,,,,,
295,diapers,beer,bread,,,,,
296,diapers,mustard,bread,beer,,,,
297,cheese,bread,,,,,,
298,diapers,mustard,beer,bread,cheese,,,
299,cola,beer,bread,,,,,
300,beer,cola,bread,,,,,
301,cheese,bread,diapers,burgers,,,,
302,cheese,bread,,,,,,
303,diapers,bread,burgers,toothpaste,,,,
304,toothpaste,cola,cheese,pretzels,burgers,bread,,
305,bread,toothpaste,pretzels,,,,,
306,diapers,bread,beer,,,,,
307,bread,,,,,,,
308,mustard,bread,,,,,,
309,burgers,bread,,,,,,
310,cheese,bread,beer,burgers,,,,
311,beer,bread,cheese,,,,,
312,bread,beer,cheese,diapers,,,,
313,burgers,diapers,toothbrush,bread,,,,
314,bread,cheese,,,,,,
315,pretzels,bread,cheese,,,,,
316,diapers,bread,beer,,,,,
317,pretzels,beer,cola,cheese,bread,,,
318,beer,bread,toothpaste,,,,,
319,bread,beer,cheese,,,,,
320,bread,,,,,,,
321,cheese,bread,,,,,,
322,beer,bread,cheese,,,,,
323,bread,diapers,,,,,,
324,diapers,bread,cheese,,,,,
325,bread,diapers,,,,,,
326,bread,beer,,,,,,
327,pretzels,diapers,bread,,,,,
328,cola,bread,,,,,,
329,beer,bread,,,,,,
330,bread,cola,,,,,,
331,beer,bread,,,,,,
332,toothbrush,beer,bread,,,,,
333,beer,bread,diapers,cheese,,,,
334,beer,cheese,bread,diapers,,,,
335,pretzels,bread,,,,,,
336,diapers,bread,cheese,,,,,
337,burgers,bread,diapers,,,,,
338,bread,cheese,,,,,,
339,bread,cheese,,,,,,
340,diapers,bread,cheese,,,,,
341,diapers,bread,cheese,,,,,
342,beer,bread,cheese,,,,,
343,mustard,cheese,bread,beer,,,,
344,bread,beer,,,,,,
345,cheese,bread,,,,,,
346,toothbrush,diapers,bread,pretzels,cola,cheese,,
347,bread,,,,,,,
348,bread,cheese,,,,,,
349,bread,cheese,,,,,,
350,beer,bread,burgers,pretzels,cheese,,,
351,bread,beer,cheese,diapers,,,,
352,cheese,diapers,bread,beer,,,,
353,diapers,bread,,,,,,
354,toothpaste,bread,,,,,,
355,beer,bread,cheese,,,,,
356,bread,cheese,,,,,,
357,pretzels,bread,cola,,,,,
358,toothpaste,beer,mustard,bread,,,,
359,toothpaste,cola,bread,beer,cheese,,,
360,cheese,mustard,bread,diapers,,,,
361,bread,,,,,,,
362,beer,bread,,,,,,
363,beer,toothbrush,bread,cheese,burgers,,,
364,burgers,beer,diapers,bread,cheese,,,
365,bread,cheese,diapers,,,,,
366,cheese,bread,diapers,toothpaste,burgers,,,
367,beer,bread,toothpaste,cheese,,,,
368,diapers,bread,,,,,,
369,toothpaste,burgers,beer,diapers,bread,,,
370,beer,bread,,,,,,
371,bread,cheese,,,,,,
372,cheese,pretzels,bread,,,,,
373,beer,bread,,,,,,
374,toothpaste,bread,,,,,,
375,cheese,diapers,beer,bread,,,,
376,bread,burgers,,,,,,
377,bread,mustard,,,,,,
378,burgers,cheese,bread,,,,,
379,bread,beer,,,,,,
380,pretzels,bread,burgers,,,,,
381,cheese,burgers,beer,cola,bread,,,
382,toothpaste,bread,beer,,,,,
383,burgers,bread,mustard,cola,,,,
384,diapers,bread,beer,burgers,toothbrush,,,
385,burgers,beer,bread,,,,,
386,cheese,bread,beer,cola,burgers,,,
387,bread,burgers,,,,,,
388,bread,,,,,,,
389,toothbrush,bread,diapers,,,,,
390,bread,diapers,,,,,,
391,pretzels,bread,cheese,,,,,
392,bread,cheese,,,,,,
393,cheese,burgers,bread,,,,,
394,pretzels,cheese,cola,mustard,bread,,,
395,diapers,cheese,burgers,bread,,,,
396,toothbrush,pretzels,bread,cola,cheese,,,
397,bread,cheese,,,,,,
398,beer,bread,,,,,,
399,pretzels,beer,bread,cheese,,,,
400,beer,bread,,,,,,
401,diapers,beer,bread,,,,,
402,bread,cola,burgers,,,,,
403,toothpaste,bread,beer,cola,cheese,,,
404,beer,cheese,bread,,,,,
405,toothpaste,beer,bread,cheese,,,,
406,cheese,bread,,,,,,
407,bread,cola,,,,,,
408,bread,,,,,,,
409,bread,,,,,,,
410,bread,burgers,diapers,,,,,
411,bread,cola,beer,cheese,,,,
412,bread,beer,cheese,,,,,
413,bread,beer,,,,,,
414,beer,cheese,bread,cola,mustard,,,
415,beer,bread,,,,,,
416,bread,beer,,,,,,
417,bread,cheese,,,,,,
418,pretzels,burgers,cheese,bread,mustard,,,
419,beer,pretzels,bread,,,,,
420,cola,bread,,,,,,
421,diapers,mustard,bread,burgers,,,,
422,beer,cheese,diapers,bread,,,,
423,toothpaste,cola,bread,toothbrush,beer,diapers,,
424,bread,,,,,,,
425,bread,diapers,pretzels,toothpaste,cola,beer,,
426,mustard,bread,beer,,,,,
427,cheese,toothpaste,bread,pretzels,,,,
428,bread,,,,,,,
429,mustard,bread,,,,,,
430,cheese,bread,,,,,,
431,burgers,diapers,beer,bread,,,,
432,cheese,diapers,bread,,,,,
433,pretzels,cheese,bread,mustard,,,,
434,cheese,bread,toothpaste,diapers,,,,
435,diapers,bread,beer,cheese,,,,
436,toothpaste,burgers,bread,diapers,,,,
437,cola,bread,diapers,,,,,
438,bread,,,,,,,
439,diapers,bread,,,,,,
440,bread,cheese,,,,,,
441,beer,toothpaste,cheese,bread,,,,
442,cola,bread,,,,,,
443,bread,toothbrush,,,,,,
444,bread,toothbrush,pretzels,,,,,
445,cheese,diapers,bread,cola,,,,
446,cheese,bread,,,,,,
447,cheese,bread,beer,,,,,
448,burgers,bread,pretzels,,,,,
449,beer,bread,toothpaste,,,,,
450,toothbrush,bread,cheese,,,,,
451,bread,cheese,pretzels,toothpaste,,,,
452,diapers,bread,,,,,,
453,cola,bread,cheese,burgers,toothbrush,beer,,
454,pretzels,cheese,bread,,,,,
455,bread,,,,,,,
456,beer,bread,,,,,,
457,bread,,,,,,,
458,cheese,bread,beer,,,,,
459,cola,bread,beer,,,,,
460,bread,beer,,,,,,
461,bread,cheese,cola,,,,,
462,cheese,bread,,,,,,
463,bread,diapers,cheese,,,,,
464,bread,,,,,,,
465,bread,cola,beer,toothbrush,toothpaste,,,
466,beer,bread,,,,,,
467,burgers,diapers,bread,,,,,
468,bread,cheese,,,,,,
469,bread,,,,,,,
470,burgers,bread,,,,,,
471,beer,bread,cheese,,,,,
472,bread,cheese,beer,toothpaste,cola,,,
473,bread,cheese,diapers,,,,,
474,bread,beer,cheese,,,,,
475,bread,beer,cheese,,,,,
476,bread,diapers,,,,,,
477,mustard,bread,beer,cheese,,,,
478,bread,cheese,,,,,,
479,bread,cola,beer,,,,,
480,bread,burgers,,,,,,
481,bread,cheese,beer,,,,,
482,burgers,bread,cheese,,,,,
483,bread,diapers,,,,,,
484,bread,,,,,,,
485,bread,pretzels,,,,,,
486,beer,diapers,bread,,,,,
487,beer,bread,cheese,toothbrush,,,,
488,toothpaste,burgers,beer,cheese,pretzels,bread,,
489,cheese,bread,beer,,,,,
490,bread,,,,,,,
491,bread,burgers,,,,,,
492,diapers,bread,toothbrush,,,,,
493,bread,mustard,,,,,,
494,pretzels,bread,diapers,beer,,,,
495,bread,toothbrush,cheese,burgers,,,,
496,cheese,bread,mustard,,,,,
497,burgers,bread,,,,,,
498,cheese,toothbrush,bread,,,,,
499,cheese,mustard,bread,,,,,
500,bread,beer,,,,,,
501,bread,burgers,,,,,,
502,bread,diapers,cola,pretzels,,,,
503,pretzels,burgers,bread,,,,,
504,cola,bread,diapers,,,,,
505,pretzels,bread,cheese,diapers,burgers,,,
506,bread,toothbrush,diapers,cheese,beer,,,
507,pretzels,cheese,burgers,bread,,,,
508,bread,cola,,,,,,
509,bread,cheese,,,,,,
510,cheese,cola,bread,,,,,
511,bread,cheese,,,,,,
512,mustard,cola,bread,cheese,,,,
513,cola,diapers,bread,,,,,
514,cola,pretzels,bread,,,,,
515,bread,cola,,,,,,
516,bread,beer,cheese,,,,,
517,cheese,bread,,,,,,
518,mustard,cheese,bread,,,,,
519,bread,toothpaste,,,,,,
520,cheese,bread,,,,,,
521,diapers,bread,,,,,,
522,bread,cheese,,,,,,
523,cheese,burgers,bread,,,,,
524,cheese,beer,bread,burgers,,,,
525,bread,diapers,mustard,,,,,
526,bread,cheese,,,,,,
527,pretzels,toothbrush,bread,,,,,
528,bread,diapers,beer,toothpaste,,,,
529,burgers,bread,,,,,,
530,beer,toothpaste,bread,,,,,
531,cheese,diapers,bread,toothpaste,,,,
532,bread,,,,,,,
533,diapers,bread,burgers,cola,,,,
534,bread,pretzels,burgers,beer,diapers,,,
535,bread,burgers,cheese,beer,,,,
536,bread,,,,,,,
537,bread,cola,cheese,beer,,,,
538,cola,cheese,bread,,,,,
539,cheese,bread,,,,,,
540,pretzels,bread,cheese,toothpaste,,,,
541,bread,cheese,mustard,,,,,
542,beer,cheese,bread,,,,,
543,bread,,,,,,,
544,cheese,pretzels,bread,toothbrush,beer,,,
545,mustard,beer,bread,,,,,
546,cola,cheese,bread,diapers,,,,
547,bread,diapers,mustard,cheese,,,,
548,bread,cheese,,,,,,
549,bread,diapers,,,,,,
550,bread,beer,,,,,,
551,diapers,bread,burgers,,,,,
552,diapers,burgers,cola,bread,pretzels,cheese,,
553,beer,diapers,bread,,,,,
554,bread,cheese,,,,,,
555,cheese,burgers,bread,,,,,
556,bread,diapers,toothpaste,burgers,,,,
557,cola,bread,cheese,diapers,,,,
558,mustard,cheese,bread,beer,,,,
559,toothbrush,bread,beer,,,,,
560,bread,,,,,,,
561,cheese,bread,cola,,,,,
562,beer,bread,,,,,,
563,cheese,bread,mustard,,,,,
564,mustard,bread,beer,,,,,
565,bread,cheese,diapers,,,,,
566,cola,beer,bread,,,,,
567,beer,mustard,pretzels,bread,,,,
568,beer,bread,,,,,,
569,cheese,bread,diapers,mustard,,,,
570,beer,bread,cheese,,,,,
571,cheese,bread,toothbrush,,,,,
572,bread,pretzels,,,,,,
573,bread,beer,cheese,,,,,
574,cheese,toothpaste,bread,beer,pretzels,,,
575,cola,burgers,bread,diapers,,,,
576,beer,bread,,,,,,
577,mustard,burgers,bread,,,,,
578,cheese,bread,diapers,,,,,
579,diapers,bread,toothpaste,,,,,
580,bread,beer,,,,,,
581,beer,cheese,bread,,,,,
582,bread,beer,,,,,,
583,cheese,burgers,bread,pretzels,mustard,,,
584,bread,cheese,,,,,,
585,cheese,beer,toothbrush,bread,,,,
586,diapers,cheese,bread,,,,,
587,bread,cola,,,,,,
588,bread,beer,,,,,,
589,mustard,bread,beer,,,,,
590,cola,bread,,,,,,
591,cheese,toothpaste,bread,,,,,
592,burgers,beer,toothpaste,cheese,bread,,,
593,diapers,bread,,,,,,
594,bread,cheese,diapers,,,,,
595,cheese,pretzels,diapers,bread,,,,
596,cheese,bread,mustard,diapers,burgers,beer,,
597,burgers,pretzels,bread,,,,,
598,bread,toothpaste,cheese,burgers,,,,
599,bread,cheese,beer,,,,,
600,bread,mustard,beer,toothpaste,,,,
601,toothbrush,mustard,bread,beer,,,,
602,toothpaste,bread,beer,,,,,
603,bread,beer,mustard,,,,,
604,cheese,bread,,,,,,
605,bread,beer,,,,,,
606,beer,pretzels,cheese,bread,,,,
607,cheese,bread,,,,,,
608,bread,diapers,cola,,,,,
609,cheese,bread,,,,,,
610,toothbrush,burgers,toothpaste,bread,,,,
611,bread,burgers,,,,,,
612,bread,mustard,toothbrush,,,,,
613,diapers,bread,,,,,,
614,pretzels,diapers,bread,,,,,
615,bread,beer,,,,,,
616,bread,,,,,,,
617,bread,beer,diapers,,,,,
618,pretzels,bread,cola,,,,,
619,bread,cheese,burgers,diapers,,,,
620,beer,cheese,bread,,,,,
621,mustard,cheese,bread,diapers,,,,
622,bread,beer,,,,,,
623,bread,toothbrush,,,,,,
624,burgers,bread,,,,,,
625,bread,diapers,toothpaste,cheese,,,,
626,bread,diapers,,,,,,
627,beer,bread,cheese,,,,,
628,diapers,bread,mustard,,,,,
629,beer,mustard,bread,toothbrush,diapers,,,
630,bread,beer,,,,,,
631,cheese,bread,,,,,,
632,beer,bread,cheese,,,,,
633,beer,bread,,,,,,
634,cheese,bread,,,,,,
635,burgers,bread,,,,,,
636,cheese,diapers,beer,bread,,,,
637,cola,beer,pretzels,bread,,,,
638,beer,bread,cheese,,,,,
639,cola,bread,,,,,,
640,cheese,beer,pretzels,bread,diapers,,,
641,mustard,bread,,,,,,
642,bread,cheese,,,,,,
643,toothbrush,bread,pretzels,cheese,,,,
644,pretzels,bread,burgers,cheese,,,,
645,diapers,bread,,,,,,
646,pretzels,cheese,bread,,,,,
647,beer,diapers,bread,,,,,
648,cheese,bread,,,,,,
649,burgers,diapers,bread,beer,,,,
650,pretzels,bread,,,,,,
651,cheese,diapers,bread,,,,,
652,bread,,,,,,,
653,bread,pretzels,,,,,,
654,diapers,bread,,,,,,
655,cheese,burgers,bread,,,,,
656,cheese,toothpaste,bread,beer,,,,
657,bread,toothbrush,,,,,,
658,bread,pretzels,,,,,,
659,cheese,toothpaste,burgers,bread,diapers,,,
660,cola,bread,beer,burgers,,,,
661,bread,beer,diapers,,,,,
662,mustard,bread,,,,,,
663,cheese,beer,bread,mustard,,,,
664,cola,cheese,bread,,,,,
665,diapers,bread,,,,,,
666,bread,cheese,mustard,,,,,
667,diapers,mustard,bread,,,,,
668,cheese,toothbrush,bread,,,,,
669,bread,cheese,,,,,,
670,cheese,bread,diapers,,,,,
671,cheese,bread,,,,,,
672,toothbrush,bread,beer,,,,,
673,pretzels,toothbrush,bread,diapers,,,,
674,cheese,diapers,bread,,,,,
675,cheese,bread,toothpaste,toothbrush,,,,
676,diapers,bread,pretzels,,,,,
677,bread,diapers,cola,mustard,cheese,,,
678,diapers,bread,,,,,,
679,diapers,mustard,bread,cheese,,,,
680,bread,beer,cheese,,,,,
681,diapers,bread,beer,cheese,,,,
682,bread,cheese,beer,,,,,
683,bread,beer,cheese,,,,,
684,mustard,bread,,,,,,
685,bread,burgers,,,,,,
686,bread,cheese,cola,,,,,
687,diapers,bread,cola,,,,,
688,cheese,bread,,,,,,
689,mustard,diapers,bread,burgers,beer,,,
690,bread,burgers,,,,,,
691,cola,bread,diapers,burgers,,,,
692,pretzels,diapers,cheese,bread,,,,
693,bread,beer,cheese,,,,,
694,bread,beer,,,,,,
695,bread,beer,cheese,,,,,
696,bread,cheese,,,,,,
697,bread,mustard,cheese,,,,,
698,bread,cola,beer,,,,,
699,pretzels,bread,,,,,,
700,bread,beer,cheese,,,,,
701,bread,,,,,,,
702,bread,cheese,,,,,,
703,toothpaste,beer,bread,,,,,
704,cheese,beer,toothpaste,bread,,,,
705,bread,,,,,,,
706,bread,,,,,,,
707,burgers,bread,,,,,,
708,bread,cheese,cola,,,,,
709,pretzels,bread,burgers,,,,,
710,toothbrush,bread,cheese,,,,,
711,beer,bread,pretzels,burgers,,,,
712,bread,beer,pretzels,,,,,
713,bread,cheese,mustard,,,,,
714,beer,bread,cheese,,,,,
715,diapers,bread,,,,,,
716,beer,bread,mustard,,,,,
717,beer,pretzels,bread,cheese,,,,
718,bread,cheese,,,,,,
719,bread,cheese,,,,,,
720,bread,cheese,pretzels,,,,,
721,bread,,,,,,,
722,bread,cheese,beer,diapers,,,,
723,mustard,beer,bread,,,,,
724,pretzels,bread,cheese,,,,,
725,bread,,,,,,,
726,cheese,bread,cola,,,,,
727,bread,beer,mustard,,,,,
728,beer,bread,burgers,,,,,
729,bread,cheese,,,,,,
730,diapers,cheese,bread,beer,,,,
731,beer,mustard,toothbrush,cheese,bread,pretzels,,
732,cola,bread,,,,,,
733,cheese,bread,,,,,,
734,cheese,pretzels,diapers,bread,,,,
735,bread,burgers,toothbrush,toothpaste,,,,
736,cola,bread,mustard,beer,cheese,,,
737,bread,mustard,beer,,,,,
738,cheese,bread,beer,,,,,
739,bread,,,,,,,
740,bread,beer,cheese,,,,,
741,cola,cheese,pretzels,beer,bread,,,
742,beer,bread,cheese,,,,,
743,toothpaste,toothbrush,bread,burgers,,,,
744,diapers,bread,cheese,,,,,
745,toothpaste,bread,beer,,,,,
746,cheese,bread,,,,,,
747,beer,bread,,,,,,
748,toothbrush,bread,beer,,,,,
749,beer,bread,,,,,,
750,bread,,,,,,,
751,bread,beer,mustard,,,,,
752,bread,mustard,diapers,beer,,,,
753,bread,cheese,mustard,diapers,,,,
754,bread,toothbrush,,,,,,
755,bread,beer,,,,,,
756,bread,beer,,,,,,
757,cheese,bread,toothpaste,cola,diapers,,,
758,cola,bread,diapers,,,,,
759,mustard,pretzels,bread,burgers,cheese,,,
760,cheese,bread,beer,toothbrush,diapers,,,
761,cheese,bread,,,,,,
762,beer,cola,bread,toothpaste,,,,
763,bread,pretzels,beer,,,,,
764,bread,,,,,,,
765,pretzels,cola,bread,,,,,
766,bread,cheese,beer,,,,,
767,bread,cheese,toothpaste,,,,,
768,burgers,beer,diapers,bread,,,,
769,mustard,beer,bread,,,,,
770,bread,cheese,,,,,,
771,mustard,burgers,bread,,,,,
772,bread,burgers,toothpaste,,,,,
773,cheese,bread,diapers,,,,,
774,cheese,bread,,,,,,
775,bread,toothpaste,beer,cheese,,,,
776,bread,,,,,,,
777,burgers,bread,pretzels,,,,,
778,bread,mustard,,,,,,
779,bread,cheese,pretzels,,,,,
780,mustard,beer,cola,pretzels,bread,,,
781,diapers,bread,,,,,,
782,burgers,cheese,bread,toothbrush,,,,
783,cheese,burgers,beer,bread,,,,
784,beer,cola,toothbrush,bread,burgers,,,
785,toothpaste,bread,,,,,,
786,cola,toothpaste,bread,,,,,
787,cheese,bread,toothpaste,pretzels,,,,
788,cheese,bread,,,,,,
789,pretzels,cheese,bread,toothbrush,,,,
790,bread,beer,,,,,,
791,beer,cheese,bread,,,,,
792,burgers,diapers,bread,,,,,
793,cheese,beer,bread,mustard,diapers,,,
794,cheese,bread,mustard,burgers,,,,
795,bread,cheese,beer,,,,,
796,bread,,,,,,,
797,cheese,bread,beer,,,,,
798,bread,pretzels,beer,,,,,
799,cheese,bread,diapers,toothbrush,,,,
800,cheese,mustard,bread,,,,,
801,bread,beer,cheese,toothbrush,,,,
802,diapers,bread,cheese,,,,,
803,cheese,bread,,,,,,
804,diapers,bread,,,,,,
805,bread,,,,,,,
806,bread,diapers,toothbrush,cheese,,,,
807,bread,cheese,,,,,,
808,cola,cheese,toothpaste,beer,bread,,,
809,toothbrush,diapers,bread,,,,,
810,toothbrush,bread,cheese,diapers,,,,
811,bread,cheese,,,,,,
812,pretzels,beer,bread,,,,,
813,pretzels,cheese,mustard,bread,burgers,,,
814,burgers,bread,,,,,,
815,diapers,bread,mustard,cheese,,,,
816,beer,cheese,burgers,bread,mustard,toothpaste,,
817,bread,cheese,toothbrush,burgers,cola,,,
818,bread,diapers,cheese,,,,,
819,bread,toothpaste,cheese,,,,,
820,cola,diapers,bread,,,,,
821,burgers,bread,,,,,,
822,cheese,beer,bread,,,,,
823,cheese,bread,,,,,,
824,bread,,,,,,,
825,bread,,,,,,,
826,bread,,,,,,,
827,mustard,beer,bread,,,,,
828,toothbrush,bread,cola,,,,,
829,bread,,,,,,,
830,pretzels,bread,,,,,,
831,cola,pretzels,bread,,,,,
832,beer,bread,,,,,,
833,cheese,beer,burgers,diapers,bread,,,
834,bread,burgers,toothpaste,,,,,
835,burgers,cheese,bread,,,,,
836,toothbrush,bread,burgers,beer,,,,
837,bread,,,,,,,
838,bread,cheese,,,,,,
839,bread,cheese,cola,,,,,
840,cheese,bread,beer,,,,,
841,cheese,bread,,,,,,
842,burgers,beer,bread,,,,,
843,cheese,bread,,,,,,
844,bread,diapers,cola,toothpaste,cheese,,,
845,beer,bread,pretzels,cheese,,,,
846,cheese,bread,,,,,,
847,bread,,,,,,,
848,cheese,bread,,,,,,
849,bread,mustard,cola,,,,,
850,cheese,bread,,,,,,
851,toothbrush,beer,bread,,,,,
852,bread,diapers,,,,,,
853,bread,beer,,,,,,
854,bread,beer,mustard,,,,,
855,beer,cheese,burgers,cola,mustard,pretzels,bread,toothpaste
856,mustard,bread,,,,,,
857,beer,bread,cola,toothpaste,mustard,,,
858,cheese,bread,toothpaste,burgers,,,,
859,bread,diapers,,,,,,
860,cheese,bread,,,,,,
861,bread,mustard,,,,,,
862,bread,cheese,cola,,,,,
863,cheese,bread,burgers,,,,,
864,bread,,,,,,,
865,bread,,,,,,,
866,bread,mustard,toothpaste,,,,,
867,burgers,bread,beer,,,,,
868,bread,cheese,,,,,,
869,diapers,mustard,cheese,bread,,,,
870,bread,mustard,diapers,,,,,
871,bread,toothpaste,,,,,,
872,cheese,bread,,,,,,
873,bread,toothpaste,,,,,,
874,toothpaste,bread,toothbrush,beer,cheese,,,
875,bread,,,,,,,
876,cheese,beer,bread,,,,,
877,beer,bread,burgers,,,,,
878,beer,bread,cheese,,,,,
879,cheese,bread,,,,,,
880,bread,,,,,,,
881,beer,bread,cheese,,,,,
882,cheese,bread,,,,,,
883,bread,mustard,cheese,toothpaste,diapers,,,
884,cheese,pretzels,bread,,,,,
885,cheese,burgers,beer,mustard,bread,diapers,,
886,toothpaste,cola,bread,cheese,toothbrush,,,
887,bread,diapers,,,,,,
888,bread,cheese,,,,,,
889,bread,beer,cheese,,,,,
890,bread,beer,,,,,,
891,cola,diapers,beer,bread,,,,
892,bread,cheese,,,,,,
893,mustard,bread,,,,,,
894,bread,burgers,,,,,,
895,cheese,toothpaste,bread,,,,,
896,mustard,bread,cola,cheese,,,,
897,diapers,bread,,,,,,
898,bread,pretzels,diapers,cheese,burgers,,,
899,bread,toothpaste,toothbrush,,,,,
900,bread,,,,,,,
901,toothbrush,bread,cheese,pretzels,,,,
902,bread,beer,burgers,toothpaste,mustard,,,
903,cheese,burgers,bread,mustard,cola,,,
904,diapers,burgers,beer,bread,toothbrush,,,
905,bread,cheese,beer,,,,,
906,burgers,bread,cola,,,,,
907,toothpaste,cola,bread,mustard,,,,
908,bread,,,,,,,
909,cheese,bread,beer,cola,,,,
910,cola,beer,bread,,,,,
911,beer,bread,mustard,,,,,
912,bread,cola,,,,,,
913,bread,,,,,,,
914,bread,,,,,,,
915,cheese,bread,,,,,,
916,pretzels,beer,toothbrush,bread,diapers,,,
917,cheese,bread,diapers,,,,,
918,bread,cheese,,,,,,
919,bread,toothpaste,,,,,,
920,bread,diapers,beer,,,,,
921,toothpaste,beer,diapers,bread,cola,,,
922,bread,beer,cheese,,,,,
923,beer,bread,,,,,,
924,bread,cheese,,,,,,
925,bread,beer,diapers,cheese,,,,
926,burgers,mustard,beer,bread,cola,,,
927,beer,bread,toothbrush,cheese,,,,
928,bread,cola,,,,,,
929,burgers,bread,diapers,mustard,,,,
930,bread,,,,,,,
931,cheese,bread,,,,,,
932,bread,diapers,toothpaste,cola,,,,
933,burgers,bread,cheese,cola,pretzels,,,
934,cheese,bread,,,,,,
935,mustard,bread,cheese,,,,,
936,cheese,bread,burgers,toothpaste,,,,
937,bread,cheese,,,,,,
938,cheese,bread,cola,,,,,
939,mustard,cheese,bread,,,,,
940,cheese,bread,,,,,,
941,diapers,beer,bread,,,,,
942,cheese,bread,beer,,,,,
943,bread,diapers,cheese,,,,,
944,burgers,pretzels,diapers,bread,,,,
945,bread,beer,cheese,,,,,
946,bread,burgers,beer,cheese,,,,
947,bread,cheese,toothbrush,,,,,
948,bread,,,,,,,
949,toothbrush,bread,diapers,,,,,
950,burgers,bread,,,,,,
951,beer,bread,,,,,,
952,burgers,bread,,,,,,
953,cheese,bread,,,,,,
954,beer,bread,,,,,,
955,cheese,bread,,,,,,
956,bread,cola,,,,,,
957,toothpaste,bread,beer,diapers,,,,
958,bread,diapers,,,,,,
959,beer,diapers,bread,,,,,
960,beer,cheese,bread,,,,,
961,cheese,bread,,,,,,
962,cheese,bread,,,,,,
963,beer,bread,diapers,,,,,
964,pretzels,bread,cheese,,,,,
965,diapers,beer,bread,,,,,
966,bread,,,,,,,
967,bread,,,,,,,
968,toothbrush,pretzels,bread,,,,,
969,bread,cheese,,,,,,
970,burgers,bread,,,,,,
971,bread,,,,,,,
972,bread,diapers,,,,,,
973,bread,burgers,beer,,,,,
974,cheese,beer,bread,,,,,
975,beer,bread,cheese,,,,,
976,beer,bread,diapers,,,,,
977,diapers,beer,burgers,bread,,,,
978,beer,cheese,bread,,,,,
979,bread,burgers,cheese,,,,,
980,bread,cheese,burgers,,,,,
981,diapers,beer,toothbrush,cola,bread,,,
982,bread,toothbrush,beer,,,,,
983,bread,burgers,,,,,,
984,beer,burgers,bread,toothbrush,,,,
985,cheese,toothbrush,beer,bread,,,,
986,burgers,pretzels,beer,bread,toothbrush,,,
987,cola,cheese,bread,,,,,
988,bread,beer,cheese,,,,,
989,cheese,bread,cola,,,,,
990,cola,bread,,,,,,
991,bread,beer,mustard,,,,,
992,bread,beer,burgers,diapers,,,,
993,bread,cheese,,,,,,
994,cheese,bread,,,,,,
995,bread,,,,,,,
996,bread,diapers,beer,cheese,,,,
997,cheese,bread,burgers,pretzels,,,,
998,cheese,bread,beer,,,,,
999,bread,cheese,,,,,,
1000,bread,burgers,cheese,,,,,
1001,cheese,bread,diapers,,,,,
1002,cheese,bread,,,,,,
1003,bread,burgers,beer,cheese,,,,
1004,diapers,bread,beer,cheese,,,,
1005,bread,,,,,,,
1006,burgers,bread,pretzels,,,,,
1007,cheese,bread,,,,,,
1008,bread,diapers,,,,,,
1009,diapers,pretzels,bread,,,,,
1010,cola,cheese,beer,bread,,,,
1011,bread,burgers,,,,,,
1012,beer,bread,,,,,,
1013,beer,bread,cheese,toothpaste,diapers,,,
1014,bread,diapers,beer,,,,,
1015,pretzels,bread,cola,beer,diapers,,,
1016,mustard,bread,toothpaste,,,,,
1017,toothbrush,bread,,,,,,
1018,cheese,bread,,,,,,
1019,cheese,diapers,bread,beer,,,,
1020,diapers,bread,,,,,,
1021,bread,diapers,mustard,cheese,,,,
1022,bread,cola,,,,,,
1023,bread,pretzels,diapers,cheese,cola,,,
1024,burgers,diapers,bread,,,,,
1025,pretzels,bread,beer,,,,,
1026,cheese,bread,toothpaste,burgers,,,,
1027,toothpaste,cheese,mustard,bread,beer,,,
1028,diapers,pretzels,cheese,mustard,beer,bread,,
1029,beer,bread,,,,,,
1030,cheese,bread,diapers,,,,,
1031,mustard,burgers,bread,,,,,
1032,cola,bread,beer,,,,,
1033,burgers,bread,beer,diapers,,,,
1034,bread,,,,,,,
1035,burgers,mustard,toothbrush,pretzels,bread,beer,cheese,
1036,diapers,cheese,bread,toothpaste,toothbrush,,,
1037,cola,toothbrush,burgers,beer,bread,,,
1038,bread,toothbrush,,,,,,
1039,bread,cola,,,,,,
1040,cheese,burgers,bread,,,,,
1041,bread,cheese,,,,,,
1042,bread,diapers,,,,,,
1043,bread,mustard,cheese,beer,,,,
1044,beer,bread,,,,,,
1045,mustard,bread,cola,,,,,
1046,cheese,burgers,bread,,,,,
1047,burgers,diapers,bread,,,,,
1048,bread,beer,,,,,,
1049,beer,bread,mustard,,,,,
1050,cheese,bread,,,,,,
1051,beer,bread,cheese,pretzels,,,,
1052,bread,,,,,,,
1053,bread,,,,,,,
1054,bread,mustard,cola,,,,,
1055,cola,bread,burgers,,,,,
1056,cheese,bread,,,,,,
1057,bread,diapers,,,,,,
1058,diapers,toothpaste,bread,,,,,
1059,toothpaste,bread,mustard,diapers,,,,
1060,diapers,cheese,beer,bread,,,,
1061,bread,beer,,,,,,
1062,diapers,toothbrush,beer,bread,,,,
1063,toothpaste,diapers,bread,,,,,
1064,bread,,,,,,,
1065,beer,cheese,diapers,bread,,,,
1066,beer,pretzels,bread,,,,,
1067,bread,cheese,,,,,,
1068,bread,mustard,cheese,pretzels,beer,,,
1069,bread,,,,,,,
1070,bread,toothbrush,diapers,beer,cheese,,,
1071,cheese,bread,beer,,,,,
1072,burgers,cheese,bread,pretzels,,,,
1073,cheese,bread,cola,,,,,
1074,beer,diapers,bread,,,,,
1075,cheese,bread,,,,,,
1076,bread,,,,,,,
1077,beer,diapers,bread,cheese,,,,
1078,burgers,bread,,,,,,
1079,mustard,bread,beer,,,,,
1080,cheese,diapers,toothpaste,bread,,,,
1081,cheese,bread,,,,,,
1082,bread,cheese,,,,,,
1083,cheese,bread,pretzels,,,,,
1084,cheese,bread,,,,,,
1085,diapers,bread,beer,,,,,
1086,diapers,toothbrush,beer,burgers,bread,,,
1087,beer,toothbrush,cheese,bread,,,,
1088,bread,beer,,,,,,
1089,cheese,bread,,,,,,
1090,bread,cheese,pretzels,,,,,
1091,cola,bread,cheese,,,,,
1092,bread,,,,,,,
1093,cola,bread,diapers,beer,,,,
1094,diapers,bread,cheese,,,,,
1095,bread,,,,,,,
1096,pretzels,bread,diapers,cheese,,,,
1097,burgers,bread,,,,,,
1098,bread,,,,,,,
1099,bread,beer,mustard,,,,,
1100,bread,diapers,,,,,,
1101,pretzels,diapers,bread,toothpaste,cheese,,,
1102,bread,,,,,,,
1103,toothpaste,cheese,cola,bread,,,,
1104,diapers,bread,,,,,,
1105,beer,burgers,pretzels,diapers,bread,,,
1106,bread,diapers,,,,,,
1107,cola,burgers,bread,,,,,
1108,diapers,beer,bread,,,,,
1109,burgers,beer,pretzels,bread,,,,
1110,cheese,beer,bread,mustard,,,,
1111,beer,bread,cheese,,,,,
1112,mustard,bread,burgers,,,,,
1113,burgers,bread,,,,,,
1114,burgers,bread,,,,,,
1115,bread,,,,,,,
1116,bread,diapers,,,,,,
1117,bread,mustard,beer,cheese,burgers,,,
1118,bread,,,,,,,
1119,pretzels,mustard,beer,diapers,bread,toothbrush,,
1120,toothbrush,cheese,bread,,,,,
1121,bread,cheese,,,,,,
1122,bread,beer,diapers,,,,,
1123,cheese,bread,,,,,,
1124,bread,,,,,,,
1125,diapers,cheese,bread,,,,,
1126,toothpaste,cheese,bread,,,,,
1127,beer,toothbrush,burgers,bread,diapers,,,
1128,mustard,beer,burgers,bread,cheese,,,
1129,bread,cheese,,,,,,
1130,burgers,diapers,bread,mustard,,,,
1131,toothpaste,bread,,,,,,
1132,burgers,mustard,diapers,bread,,,,
1133,bread,mustard,cheese,,,,,
1134,bread,cheese,,,,,,
1135,cheese,beer,bread,,,,,
1136,pretzels,bread,,,,,,
1137,cheese,bread,toothbrush,,,,,
1138,cheese,cola,bread,beer,,,,
1139,cola,bread,cheese,,,,,
1140,cheese,bread,mustard,,,,,
1141,bread,diapers,pretzels,,,,,
1142,diapers,toothbrush,bread,,,,,
1143,toothpaste,diapers,bread,cheese,,,,
1144,bread,pretzels,,,,,,
1145,bread,mustard,cheese,diapers,,,,
1146,diapers,bread,,,,,,
1147,bread,,,,,,,
1148,burgers,bread,diapers,,,,,
1149,toothpaste,bread,cheese,,,,,
1150,beer,burgers,bread,mustard,,,,
1151,cheese,diapers,bread,beer,,,,
1152,bread,mustard,,,,,,
1153,cheese,beer,bread,,,,,
1154,diapers,toothpaste,bread,,,,,
1155,cheese,bread,cola,,,,,
1156,bread,cola,diapers,cheese,,,,
1157,bread,diapers,pretzels,cheese,,,,
1158,bread,pretzels,toothbrush,,,,,
1159,cheese,bread,,,,,,
1160,bread,pretzels,mustard,cola,,,,
1161,diapers,cola,bread,beer,,,,
1162,bread,toothbrush,diapers,,,,,
1163,diapers,bread,,,,,,
1164,pretzels,cheese,bread,,,,,
1165,cheese,bread,,,,,,
1166,burgers,pretzels,bread,,,,,
1167,pretzels,beer,bread,,,,,
1168,bread,beer,,,,,,
1169,bread,cheese,mustard,,,,,
1170,bread,diapers,beer,,,,,
1171,cheese,bread,,,,,,
1172,bread,beer,pretzels,burgers,cheese,,,
1173,bread,,,,,,,
1174,pretzels,bread,mustard,,,,,
1175,toothpaste,burgers,pretzels,bread,,,,
1176,diapers,toothbrush,toothpaste,bread,,,,
1177,mustard,cheese,bread,pretzels,,,,
1178,bread,cheese,pretzels,toothbrush,,,,
1179,toothpaste,bread,beer,pretzels,diapers,,,
1180,beer,cheese,bread,,,,,
1181,bread,mustard,,,,,,
1182,mustard,bread,burgers,pretzels,cola,,,
1183,cheese,beer,diapers,bread,,,,
1184,bread,,,,,,,
1185,cheese,bread,,,,,,
1186,diapers,cola,bread,burgers,,,,
1187,bread,diapers,mustard,beer,toothpaste,cheese,,
1188,cheese,beer,bread,,,,,
1189,cola,beer,bread,,,,,
1190,toothbrush,bread,cheese,,,,,
1191,cheese,bread,,,,,,
1192,burgers,bread,diapers,cheese,,,,
1193,cola,bread,burgers,,,,,
1194,bread,beer,cheese,,,,,
1195,beer,cheese,bread,mustard,,,,
1196,bread,,,,,,,
1197,diapers,bread,cheese,,,,,
1198,mustard,diapers,cola,burgers,cheese,beer,bread,
1199,mustard,bread,,,,,,
1200,diapers,bread,,,,,,
1201,burgers,bread,,,,,,
1202,bread,mustard,cheese,toothpaste,beer,,,
1203,mustard,bread,cheese,pretzels,toothbrush,,,
1204,bread,,,,,,,
1205,cheese,bread,,,,,,
1206,cheese,toothbrush,bread,,,,,
1207,bread,toothpaste,diapers,burgers,beer,,,
1208,beer,bread,,,,,,
1209,cheese,bread,,,,,,
1210,cola,pretzels,bread,cheese,,,,
1211,beer,toothpaste,bread,,,,,
1212,mustard,bread,,,,,,
1213,diapers,bread,,,,,,
1214,beer,bread,,,,,,
1215,bread,diapers,burgers,,,,,
1216,toothbrush,bread,mustard,cheese,,,,
1217,burgers,cheese,mustard,diapers,bread,pretzels,beer,
1218,pretzels,bread,cheese,,,,,
1219,cheese,bread,,,,,,
1220,bread,burgers,cheese,,,,,
1221,bread,,,,,,,
1222,beer,burgers,cheese,bread,,,,
1223,bread,cheese,diapers,,,,,
1224,beer,bread,,,,,,
1225,bread,pretzels,,,,,,
1226,bread,,,,,,,
1227,cola,bread,,,,,,
1228,cheese,bread,,,,,,
1229,bread,,,,,,,
1230,cheese,bread,,,,,,
1231,bread,cheese,beer,burgers,,,,
1232,cheese,bread,diapers,,,,,
1233,toothbrush,bread,cheese,mustard,,,,
1234,bread,,,,,,,
1235,beer,bread,cola,cheese,,,,
1236,pretzels,bread,beer,,,,,
1237,cheese,pretzels,bread,,,,,
1238,bread,beer,,,,,,
1239,cheese,bread,,,,,,
1240,bread,pretzels,cheese,,,,,
1241,bread,pretzels,cheese,burgers,,,,
1242,bread,pretzels,,,,,,
1243,cheese,mustard,bread,,,,,
1244,diapers,beer,bread,mustard,,,,
1245,cheese,bread,pretzels,beer,,,,
1246,pretzels,beer,bread,cheese,,,,
1247,cheese,bread,,,,,,
1248,bread,mustard,cheese,beer,,,,
1249,bread,toothpaste,,,,,,
1250,beer,cola,bread,cheese,,,,
1251,cheese,bread,,,,,,
1252,bread,,,,,,,
1253,cheese,diapers,burgers,bread,,,,
1254,cheese,bread,,,,,,
1255,cheese,toothbrush,beer,bread,,,,
1256,bread,pretzels,beer,burgers,,,,
1257,cheese,toothbrush,burgers,bread,cola,,,
1258,toothpaste,pretzels,bread,mustard,cola,,,
1259,bread,cheese,toothpaste,,,,,
1260,cheese,bread,,,,,,
1261,bread,,,,,,,
1262,diapers,bread,beer,,,,,
1263,cheese,toothpaste,bread,,,,,
1264,beer,toothpaste,bread,pretzels,,,,
1265,cheese,bread,,,,,,
1266,pretzels,bread,beer,cheese,toothpaste,,,
1267,beer,bread,,,,,,
1268,cheese,pretzels,bread,,,,,
1269,mustard,bread,,,,,,
1270,bread,burgers,pretzels,,,,,
1271,cheese,diapers,bread,,,,,
1272,mustard,bread,cheese,toothbrush,,,,
1273,burgers,bread,beer,cheese,diapers,,,
1274,bread,,,,,,,
1275,mustard,bread,cheese,,,,,
1276,mustard,burgers,bread,cola,,,,
1277,bread,cheese,,,,,,
1278,cheese,bread,cola,beer,burgers,,,
1279,beer,bread,,,,,,
1280,bread,cheese,,,,,,
1281,diapers,cheese,bread,,,,,
1282,cola,bread,cheese,toothbrush,,,,
1283,toothbrush,cheese,bread,,,,,
1284,bread,cola,,,,,,
1285,bread,beer,,,,,,
1286,bread,cheese,beer,,,,,
1287,beer,cheese,bread,,,,,
1288,cheese,burgers,bread,beer,,,,
1289,bread,mustard,cheese,,,,,
1290,cheese,bread,,,,,,
1291,mustard,bread,toothbrush,,,,,
1292,cola,bread,,,,,,
1293,toothbrush,bread,,,,,,
1294,bread,,,,,,,
1295,diapers,cheese,mustard,bread,beer,,,
1296,cheese,bread,pretzels,,,,,
1297,bread,cheese,diapers,pretzels,,,,
1298,bread,,,,,,,
1299,bread,cheese,diapers,,,,,
1300,beer,bread,diapers,,,,,
1301,beer,diapers,burgers,bread,cola,pretzels,,
1302,bread,pretzels,cheese,toothpaste,,,,
1303,bread,diapers,,,,,,
1304,burgers,bread,pretzels,beer,cheese,,,
1305,bread,beer,toothbrush,cheese,,,,
1306,cheese,bread,,,,,,
1307,bread,pretzels,beer,,,,,
1308,bread,pretzels,beer,,,,,
1309,cheese,beer,bread,,,,,
1310,beer,toothbrush,bread,,,,,
1311,diapers,bread,pretzels,cheese,,,,
1312,bread,cheese,diapers,burgers,,,,
1313,bread,toothpaste,cheese,burgers,diapers,,,
1314,burgers,bread,beer,cheese,,,,
1315,pretzels,bread,cheese,diapers,burgers,,,
1316,cheese,bread,,,,,,
1317,toothpaste,bread,,,,,,
1318,bread,cola,,,,,,
1319,toothpaste,bread,beer,,,,,
1320,pretzels,bread,,,,,,
1321,bread,cheese,,,,,,
1322,pretzels,cheese,bread,diapers,,,,
1323,cheese,burgers,beer,bread,diapers,toothpaste,,
1324,cheese,bread,mustard,,,,,
1325,beer,cheese,bread,,,,,
1326,cheese,bread,,,,,,
1327,bread,,,,,,,
1328,mustard,diapers,bread,cola,,,,
1329,diapers,cola,cheese,bread,burgers,,,
1330,cola,pretzels,bread,,,,,
1331,bread,beer,diapers,cheese,,,,
1332,toothpaste,bread,,,,,,
1333,cheese,bread,mustard,,,,,
1334,bread,,,,,,,
1335,bread,mustard,beer,,,,,
1336,pretzels,beer,bread,,,,,
1337,bread,cola,pretzels,,,,,
1338,bread,diapers,mustard,cheese,,,,
1339,diapers,cola,bread,,,,,
1340,bread,cheese,,,,,,
1341,diapers,bread,,,,,,
1342,toothpaste,bread,cheese,,,,,
1343,mustard,burgers,toothpaste,diapers,bread,,,
1344,diapers,cheese,bread,mustard,,,,
1345,cheese,bread,burgers,,,,,
1346,diapers,bread,mustard,,,,,
1347,cheese,bread,toothbrush,,,,,
1348,mustard,cheese,bread,beer,,,,
1349,cheese,bread,cola,,,,,
1350,bread,cheese,,,,,,
1351,cola,bread,,,,,,
1352,toothbrush,bread,diapers,,,,,
1353,bread,,,,,,,
1354,bread,,,,,,,
1355,toothpaste,burgers,cheese,toothbrush,bread,,,
1356,beer,bread,burgers,,,,,
1357,cheese,diapers,beer,bread,,,,
1358,beer,bread,cheese,,,,,
1359,toothbrush,pretzels,cheese,bread,,,,
1360,bread,beer,,,,,,
1361,cheese,bread,beer,toothbrush,,,,
1362,cheese,bread,,,,,,
1363,bread,,,,,,,
1364,cola,toothpaste,diapers,bread,beer,,,
1365,cheese,bread,beer,,,,,
1366,burgers,bread,beer,toothbrush,,,,
1367,cheese,beer,bread,burgers,,,,
1368,bread,burgers,,,,,,
1369,pretzels,bread,beer,cola,,,,
1370,toothbrush,mustard,cola,beer,burgers,bread,,
1371,bread,beer,,,,,,
1372,bread,cheese,cola,,,,,
1373,toothpaste,bread,,,,,,
1374,bread,diapers,,,,,,
1375,cheese,bread,,,,,,
1376,cheese,bread,,,,,,
1377,beer,diapers,bread,cola,,,,
1378,beer,bread,cheese,,,,,
1379,cheese,mustard,bread,,,,,
1380,cheese,bread,pretzels,beer,cola,,,
1381,mustard,bread,beer,,,,,
1382,bread,burgers,cheese,mustard,,,,
1383,cheese,bread,,,,,,
1384,bread,cola,diapers,,,,,
1385,bread,diapers,burgers,,,,,
1386,beer,bread,cola,,,,,
1387,mustard,bread,beer,cheese,,,,
1388,bread,toothpaste,cheese,burgers,,,,
1389,cheese,bread,beer,mustard,pretzels,,,
1390,mustard,pretzels,bread,cola,,,,
1391,pretzels,bread,,,,,,
1392,bread,,,,,,,
1393,diapers,bread,beer,,,,,
1394,bread,mustard,cola,cheese,,,,
1395,bread,beer,mustard,cola,cheese,,,
1396,bread,cheese,,,,,,
1397,bread,beer,mustard,cheese,,,,
1398,diapers,bread,cola,,,,,
1399,cheese,bread,,,,,,
1400,bread,burgers,,,,,,
1401,diapers,cheese,bread,beer,,,,
1402,bread,burgers,cola,,,,,
1403,diapers,bread,,,,,,
1404,cheese,burgers,pretzels,bread,,,,
1405,toothbrush,diapers,bread,cheese,beer,,,
1406,toothpaste,bread,cheese,burgers,pretzels,,,
1407,burgers,cola,beer,bread,,,,
1408,bread,,,,,,,
1409,pretzels,diapers,bread,,,,,
1410,cola,bread,cheese,,,,,
1411,diapers,bread,beer,,,,,
1412,bread,cheese,,,,,,
1413,burgers,toothpaste,bread,beer,cheese,,,
1414,pretzels,diapers,bread,cheese,,,,
1415,bread,toothbrush,,,,,,
1416,bread,toothbrush,cheese,,,,,
1417,bread,cheese,,,,,,
1418,beer,cola,bread,,,,,
1419,toothbrush,bread,cheese,,,,,
1420,bread,,,,,,,
1421,cheese,bread,toothbrush,,,,,
1422,cheese,bread,,,,,,
1423,diapers,mustard,bread,,,,,
1424,cheese,cola,bread,,,,,
1425,cheese,bread,,,,,,
1426,beer,pretzels,bread,,,,,
1427,cheese,bread,cola,,,,,
1428,bread,toothpaste,,,,,,
1429,cheese,bread,,,,,,
1430,bread,diapers,beer,cheese,,,,
1431,burgers,bread,cola,,,,,
1432,cheese,bread,,,,,,
1433,bread,beer,cheese,,,,,
1434,diapers,cheese,bread,,,,,
1435,bread,,,,,,,
1436,bread,diapers,cheese,,,,,
1437,beer,pretzels,bread,,,,,
1438,cheese,cola,bread,beer,,,,
1439,bread,beer,,,,,,
1440,cola,bread,,,,,,
1441,bread,burgers,toothbrush,,,,,
1442,bread,beer,toothpaste,cheese,,,,
1443,beer,bread,,,,,,
1444,burgers,bread,cheese,mustard,,,,
1445,bread,beer,,,,,,
1446,cheese,bread,,,,,,
1447,bread,cheese,,,,,,
1448,pretzels,mustard,bread,,,,,
1449,bread,,,,,,,
1450,cheese,bread,beer,pretzels,,,,
1451,bread,burgers,,,,,,
1452,bread,mustard,cola,,,,,
1453,toothbrush,burgers,cheese,bread,diapers,,,
1454,bread,burgers,mustard,,,,,
1455,beer,bread,toothpaste,,,,,
1456,bread,beer,pretzels,,,,,
1457,bread,cola,toothpaste,,,,,
1458,beer,toothpaste,mustard,cheese,bread,,,
1459,bread,,,,,,,
1460,diapers,cheese,bread,,,,,
1461,bread,beer,diapers,,,,,
1462,beer,cheese,bread,,,,,
1463,mustard,bread,beer,,,,,
1464,diapers,bread,beer,,,,,
1465,bread,beer,,,,,,
1466,pretzels,mustard,bread,,,,,
1467,cheese,bread,burgers,,,,,
1468,bread,beer,mustard,,,,,
1469,burgers,bread,pretzels,,,,,
1470,burgers,bread,cheese,,,,,
1471,cola,burgers,pretzels,bread,,,,
1472,mustard,bread,burgers,,,,,
1473,bread,cola,,,,,,
1474,bread,mustard,toothbrush,burgers,,,,
1475,bread,mustard,,,,,,
1476,beer,bread,cheese,,,,,
1477,toothbrush,bread,beer,diapers,,,,
1478,beer,bread,,,,,,
1479,cheese,bread,pretzels,,,,,
1480,cheese,bread,,,,,,
1481,toothbrush,bread,cheese,,,,,
1482,bread,beer,,,,,,
1483,cheese,bread,diapers,,,,,
1484,cheese,beer,bread,,,,,
1485,cola,mustard,bread,cheese,beer,diapers,,
1486,bread,beer,,,,,,
1487,mustard,toothbrush,diapers,bread,cheese,,,
1488,mustard,bread,,,,,,
1489,bread,toothbrush,,,,,,
1490,cheese,bread,beer,,,,,
1491,mustard,cola,bread,,,,,
1492,beer,bread,diapers,,,,,
1493,cheese,bread,,,,,,
1494,beer,bread,,,,,,
1495,bread,toothpaste,diapers,,,,,
1496,burgers,bread,,,,,,
1497,cheese,bread,,,,,,
1498,diapers,cheese,bread,,,,,
1499,burgers,bread,mustard,,,,,
1500,mustard,bread,,,,,,
1501,diapers,bread,cola,,,,,
1502,cheese,bread,,,,,,
1503,cheese,bread,,,,,,
1504,bread,,,,,,,
1505,bread,cheese,toothbrush,toothpaste,,,,
1506,cheese,bread,,,,,,
1507,diapers,cheese,bread,,,,,
1508,bread,beer,pretzels,,,,,
1509,bread,cola,,,,,,
1510,bread,,,,,,,
1511,toothbrush,bread,cheese,,,,,
1512,diapers,cola,burgers,cheese,bread,,,
1513,cola,bread,cheese,,,,,
1514,diapers,cheese,pretzels,bread,,,,
1515,bread,cheese,,,,,,
1516,cheese,bread,beer,burgers,,,,
1517,bread,,,,,,,
1518,mustard,bread,toothpaste,,,,,
1519,bread,cheese,,,,,,
1520,pretzels,bread,diapers,,,,,
1521,toothpaste,bread,beer,,,,,
1522,beer,bread,toothpaste,mustard,,,,
1523,cheese,bread,,,,,,
1524,diapers,bread,,,,,,
1525,cheese,mustard,burgers,diapers,beer,bread,,
1526,burgers,cheese,bread,,,,,
1527,beer,cheese,bread,,,,,
1528,bread,diapers,burgers,,,,,
1529,cheese,bread,diapers,,,,,
1530,cheese,pretzels,bread,mustard,beer,,,
1531,bread,diapers,cheese,,,,,
1532,bread,beer,,,,,,
1533,cheese,toothbrush,bread,,,,,
1534,bread,,,,,,,
1535,bread,toothpaste,,,,,,
1536,bread,diapers,,,,,,
1537,diapers,mustard,bread,,,,,
1538,beer,burgers,bread,,,,,
1539,bread,,,,,,,
1540,cheese,burgers,beer,bread,,,,
1541,burgers,cheese,cola,bread,,,,
1542,bread,cola,,,,,,
1543,bread,,,,,,,
1544,diapers,bread,cheese,,,,,
1545,bread,,,,,,,
1546,bread,toothpaste,,,,,,
1547,bread,,,,,,,
1548,cheese,bread,,,,,,
1549,burgers,beer,bread,toothbrush,,,,
1550,bread,cheese,,,,,,
1551,cheese,diapers,bread,,,,,
1552,cola,pretzels,cheese,bread,,,,
1553,toothbrush,bread,beer,,,,,
1554,cheese,toothpaste,bread,,,,,
1555,bread,cheese,,,,,,
1556,bread,toothpaste,pretzels,beer,burgers,,,
1557,mustard,bread,burgers,cheese,beer,,,
1558,cheese,bread,cola,,,,,
1559,cola,mustard,cheese,bread,,,,
1560,mustard,beer,bread,,,,,
1561,bread,,,,,,,
1562,bread,,,,,,,
1563,bread,beer,cheese,,,,,
1564,cheese,toothpaste,bread,diapers,,,,
1565,beer,bread,,,,,,
1566,bread,cheese,toothpaste,burgers,beer,diapers,,
1567,cheese,toothbrush,bread,,,,,
1568,bread,,,,,,,
1569,diapers,beer,bread,cola,toothbrush,pretzels,,
1570,bread,cola,,,,,,
1571,toothbrush,bread,,,,,,
1572,mustard,toothpaste,bread,beer,burgers,,,
1573,cheese,bread,diapers,,,,,
1574,mustard,beer,bread,cola,,,,
1575,cola,bread,pretzels,toothbrush,,,,
1576,mustard,cheese,diapers,bread,burgers,,,
1577,burgers,bread,,,,,,
1578,bread,beer,burgers,,,,,
1579,beer,toothpaste,cheese,bread,,,,
1580,cheese,diapers,bread,,,,,
1581,bread,cheese,diapers,,,,,
1582,bread,beer,toothpaste,burgers,cheese,,,
1583,bread,cheese,toothbrush,beer,,,,
1584,burgers,cheese,diapers,pretzels,bread,mustard,,
1585,bread,cheese,,,,,,
1586,bread,beer,,,,,,
1587,mustard,bread,cheese,,,,,
1588,beer,bread,,,,,,
1589,bread,beer,cheese,burgers,,,,
1590,burgers,bread,diapers,,,,,
1591,cheese,toothpaste,pretzels,beer,bread,,,
1592,bread,cheese,beer,toothbrush,,,,
1593,diapers,bread,,,,,,
1594,beer,bread,,,,,,
1595,bread,cola,cheese,,,,,
1596,bread,beer,pretzels,,,,,
1597,cheese,bread,cola,,,,,
1598,bread,cheese,,,,,,
1599,cheese,bread,,,,,,
1600,bread,toothpaste,cheese,diapers,burgers,beer,,
1601,bread,cheese,,,,,,
1602,cheese,burgers,bread,,,,,
1603,bread,,,,,,,
1604,bread,,,,,,,
1605,beer,burgers,bread,mustard,cheese,,,
1606,cheese,bread,,,,,,
1607,diapers,cheese,bread,toothbrush,,,,
1608,bread,cola,beer,,,,,
1609,bread,toothpaste,,,,,,
1610,bread,,,,,,,
1611,mustard,burgers,toothpaste,bread,,,,
1612,cola,beer,bread,pretzels,,,,
1613,burgers,toothpaste,bread,,,,,
1614,toothpaste,bread,toothbrush,diapers,,,,
1615,bread,toothpaste,cheese,cola,,,,
1616,cheese,bread,diapers,,,,,
1617,diapers,bread,cheese,,,,,
1618,bread,,,,,,,
1619,cola,bread,toothbrush,beer,,,,
1620,cheese,bread,mustard,,,,,
1621,bread,diapers,,,,,,
1622,cheese,beer,bread,mustard,,,,
1623,beer,bread,cheese,,,,,
1624,pretzels,cheese,beer,bread,,,,
1625,beer,bread,,,,,,
1626,beer,bread,cheese,burgers,,,,
1627,burgers,bread,,,,,,
1628,bread,diapers,cheese,beer,,,,
1629,bread,,,,,,,
1630,bread,cheese,burgers,beer,,,,
1631,bread,cheese,,,,,,
1632,cola,bread,,,,,,
1633,bread,beer,burgers,,,,,
1634,bread,beer,,,,,,
1635,beer,bread,cheese,,,,,
1636,bread,,,,,,,
1637,toothpaste,diapers,beer,bread,,,,
1638,bread,cheese,cola,,,,,
1639,cheese,pretzels,beer,bread,,,,
1640,bread,,,,,,,
1641,bread,mustard,,,,,,
1642,bread,beer,cola,,,,,
1643,bread,burgers,cheese,,,,,
1644,bread,cheese,beer,,,,,
1645,mustard,diapers,pretzels,bread,,,,
1646,diapers,cheese,bread,beer,,,,
1647,pretzels,mustard,bread,cola,,,,
1648,toothbrush,cheese,bread,,,,,
1649,cola,bread,,,,,,
1650,beer,cola,bread,,,,,
1651,cheese,burgers,toothbrush,bread,diapers,,,
1652,cheese,mustard,bread,,,,,
1653,beer,cola,bread,toothbrush,cheese,,,
1654,cheese,bread,beer,,,,,
1655,bread,mustard,toothpaste,diapers,,,,
1656,diapers,toothpaste,pretzels,bread,,,,
1657,cheese,diapers,bread,,,,,
1658,cheese,beer,bread,,,,,
1659,bread,toothpaste,,,,,,
1660,cola,mustard,bread,,,,,
1661,diapers,bread,mustard,,,,,
1662,toothpaste,bread,,,,,,
1663,beer,bread,toothbrush,burgers,,,,
1664,cheese,bread,,,,,,
1665,cheese,mustard,cola,bread,burgers,,,
1666,bread,beer,,,,,,
1667,diapers,cheese,bread,,,,,
1668,beer,bread,cheese,burgers,,,,
1669,beer,pretzels,bread,burgers,cola,,,
1670,bread,,,,,,,
1671,bread,pretzels,cheese,,,,,
1672,bread,mustard,cheese,,,,,
1673,bread,,,,,,,
1674,bread,burgers,,,,,,
1675,diapers,bread,beer,,,,,
1676,bread,cheese,,,,,,
1677,bread,cheese,toothpaste,,,,,
1678,cheese,cola,bread,mustard,beer,toothpaste,,
1679,cola,bread,,,,,,
1680,bread,diapers,pretzels,cheese,,,,
1681,beer,toothpaste,bread,cheese,,,,
1682,beer,cola,bread,,,,,
1683,cheese,bread,burgers,pretzels,toothbrush,,,
1684,diapers,bread,cheese,,,,,
1685,bread,diapers,burgers,beer,,,,
1686,toothpaste,bread,toothbrush,cola,cheese,,,
1687,bread,cheese,,,,,,
1688,bread,cheese,,,,,,
1689,cheese,bread,toothpaste,beer,,,,
1690,bread,toothpaste,,,,,,
1691,beer,cheese,toothpaste,bread,burgers,,,
1692,beer,bread,cheese,cola,,,,
1693,bread,burgers,,,,,,
1694,bread,cheese,burgers,beer,,,,
1695,mustard,bread,,,,,,
1696,beer,cola,cheese,bread,,,,
1697,cheese,bread,pretzels,,,,,
1698,bread,cheese,,,,,,
1699,burgers,bread,beer,cheese,,,,
1700,bread,,,,,,,
1701,bread,beer,,,,,,
1702,cheese,bread,,,,,,
1703,pretzels,toothpaste,bread,,,,,
1704,cola,bread,beer,,,,,
1705,bread,,,,,,,
1706,bread,,,,,,,
1707,bread,,,,,,,
1708,cheese,bread,beer,,,,,
1709,bread,cheese,toothbrush,,,,,
1710,burgers,toothbrush,bread,cheese,,,,
1711,cheese,bread,beer,toothbrush,,,,
1712,mustard,beer,bread,,,,,
1713,toothpaste,bread,cola,,,,,
1714,burgers,bread,diapers,,,,,
1715,beer,cheese,bread,toothbrush,,,,
1716,bread,,,,,,,
1717,toothbrush,bread,burgers,cheese,beer,,,
1718,toothpaste,bread,cheese,,,,,
1719,beer,cheese,bread,,,,,
1720,bread,pretzels,,,,,,
1721,diapers,beer,bread,,,,,
1722,bread,,,,,,,
1723,bread,diapers,mustard,,,,,
1724,bread,,,,,,,
1725,bread,burgers,,,,,,
1726,cheese,mustard,bread,cola,,,,
1727,bread,,,,,,,
1728,beer,bread,toothpaste,,,,,
1729,bread,beer,diapers,,,,,
1730,cheese,mustard,bread,,,,,
1731,bread,,,,,,,
1732,bread,cola,diapers,,,,,
1733,beer,mustard,bread,,,,,
1734,beer,cheese,diapers,bread,,,,
1735,diapers,burgers,bread,,,,,
1736,bread,burgers,cheese,diapers,,,,
1737,bread,,,,,,,
1738,cola,burgers,cheese,bread,,,,
1739,bread,cheese,beer,,,,,
1740,cheese,bread,,,,,,
1741,cola,beer,bread,,,,,
1742,beer,bread,diapers,cheese,,,,
1743,diapers,burgers,bread,cheese,,,,
1744,bread,burgers,,,,,,
1745,cheese,burgers,bread,,,,,
1746,cola,toothpaste,bread,mustard,,,,
1747,cheese,beer,burgers,bread,,,,
1748,bread,beer,diapers,,,,,
1749,bread,,,,,,,
1750,bread,cheese,,,,,,
1751,cheese,bread,burgers,mustard,,,,
1752,bread,,,,,,,
1753,bread,beer,,,,,,
1754,cheese,bread,,,,,,
1755,cheese,bread,,,,,,
1756,bread,cheese,,,,,,
1757,pretzels,bread,cheese,diapers,toothpaste,,,
1758,toothbrush,bread,cheese,,,,,
1759,bread,mustard,diapers,,,,,
1760,bread,cheese,,,,,,
1761,mustard,toothbrush,bread,,,,,
1762,bread,cheese,,,,,,
1763,cheese,beer,bread,,,,,
1764,toothbrush,bread,,,,,,
1765,beer,bread,,,,,,
1766,bread,cheese,,,,,,
1767,cheese,cola,toothbrush,bread,,,,
1768,cheese,bread,,,,,,
1769,cheese,pretzels,diapers,bread,,,,
1770,cola,diapers,burgers,beer,bread,,,
1771,bread,,,,,,,
1772,bread,,,,,,,
1773,bread,cheese,burgers,,,,,
1774,bread,beer,pretzels,diapers,,,,
1775,bread,cheese,,,,,,
1776,bread,beer,cheese,pretzels,,,,
1777,cola,cheese,beer,bread,mustard,,,
1778,beer,bread,,,,,,
1779,diapers,bread,cheese,,,,,
1780,mustard,cheese,bread,,,,,
1781,bread,cheese,,,,,,
1782,cola,beer,burgers,bread,cheese,,,
1783,bread,beer,cheese,,,,,
1784,diapers,bread,,,,,,
1785,beer,cheese,bread,,,,,
1786,bread,,,,,,,
1787,mustard,burgers,bread,,,,,
1788,diapers,cheese,bread,,,,,
1789,bread,cheese,,,,,,
1790,bread,beer,pretzels,cheese,,,,
1791,bread,,,,,,,
1792,bread,burgers,cheese,,,,,
1793,diapers,bread,burgers,cheese,,,,
1794,bread,mustard,,,,,,
1795,cola,cheese,beer,bread,diapers,,,
1796,diapers,bread,cheese,beer,,,,
1797,bread,mustard,,,,,,
1798,bread,burgers,mustard,,,,,
1799,bread,toothpaste,cola,mustard,burgers,beer,,
1800,beer,pretzels,bread,cheese,toothbrush,,,
1801,bread,beer,,,,,,
1802,beer,diapers,bread,,,,,
1803,bread,beer,,,,,,
1804,cheese,bread,,,,,,
1805,burgers,bread,cola,,,,,
1806,mustard,bread,beer,,,,,
1807,bread,cheese,diapers,beer,,,,
1808,bread,,,,,,,
1809,bread,diapers,toothpaste,cheese,,,,
1810,bread,pretzels,cola,diapers,beer,,,
1811,cola,bread,diapers,toothpaste,burgers,,,
1812,bread,,,,,,,
1813,pretzels,bread,beer,burgers,,,,
1814,bread,cheese,beer,,,,,
1815,cheese,bread,beer,,,,,
1816,beer,bread,,,,,,
1817,bread,mustard,,,,,,
1818,toothpaste,bread,,,,,,
1819,cheese,bread,,,,,,
1820,diapers,cheese,cola,bread,,,,
1821,bread,cola,,,,,,
1822,cheese,bread,,,,,,
1823,bread,,,,,,,
1824,toothpaste,beer,bread,,,,,
1825,cheese,bread,,,,,,
1826,bread,diapers,cheese,,,,,
1827,pretzels,bread,,,,,,
1828,bread,beer,cheese,,,,,
1829,cola,bread,beer,,,,,
1830,bread,beer,,,,,,
1831,burgers,mustard,bread,,,,,
1832,bread,cheese,toothpaste,burgers,cola,,,
1833,mustard,bread,toothpaste,cheese,,,,
1834,cheese,bread,toothbrush,,,,,
1835,pretzels,bread,beer,cheese,,,,
1836,cheese,bread,,,,,,
1837,bread,cheese,,,,,,
1838,bread,mustard,pretzels,,,,,
1839,bread,beer,diapers,mustard,,,,
1840,cheese,beer,bread,mustard,,,,
1841,cheese,bread,beer,,,,,
1842,beer,cheese,bread,,,,,
1843,cola,bread,beer,,,,,
1844,cheese,bread,diapers,burgers,,,,
1845,cheese,bread,diapers,,,,,
1846,burgers,toothpaste,bread,,,,,
1847,bread,,,,,,,
1848,pretzels,beer,bread,,,,,
1849,cheese,diapers,bread,beer,,,,
1850,bread,pretzels,,,,,,
1851,bread,cheese,,,,,,
1852,diapers,cheese,beer,bread,,,,
1853,bread,,,,,,,
1854,cheese,bread,,,,,,
1855,burgers,diapers,cheese,pretzels,bread,,,
1856,beer,bread,,,,,,
1857,burgers,bread,diapers,beer,cola,,,
1858,diapers,bread,,,,,,
1859,mustard,pretzels,bread,,,,,
1860,bread,burgers,,,,,,
1861,cheese,burgers,cola,bread,,,,
1862,bread,cheese,beer,,,,,
1863,bread,diapers,beer,,,,,
1864,bread,toothbrush,,,,,,
1865,bread,toothbrush,,,,,,
1866,beer,bread,,,,,,
1867,beer,cheese,bread,,,,,
1868,bread,,,,,,,
1869,bread,,,,,,,
1870,bread,diapers,toothbrush,,,,,
1871,bread,mustard,,,,,,
1872,bread,,,,,,,
1873,burgers,cheese,bread,,,,,
1874,burgers,bread,,,,,,
1875,toothbrush,bread,,,,,,
1876,bread,,,,,,,
1877,bread,toothpaste,diapers,cheese,,,,
1878,bread,pretzels,diapers,beer,cheese,,,
1879,bread,,,,,,,
1880,bread,pretzels,,,,,,
1881,diapers,toothbrush,bread,mustard,beer,,,
1882,bread,beer,pretzels,,,,,
1883,cheese,bread,,,,,,
1884,cheese,cola,bread,,,,,
1885,cheese,bread,,,,,,
1886,beer,cheese,bread,,,,,
1887,diapers,bread,,,,,,
1888,bread,cheese,,,,,,
1889,mustard,cheese,bread,,,,,
1890,cheese,bread,,,,,,
1891,cheese,bread,,,,,,
1892,cola,bread,burgers,toothbrush,,,,
1893,cheese,diapers,bread,burgers,,,,
1894,bread,,,,,,,
1895,cola,bread,,,,,,
1896,bread,diapers,mustard,,,,,
1897,bread,beer,,,,,,
1898,cheese,burgers,bread,,,,,
1899,bread,,,,,,,
1900,beer,cola,bread,mustard,,,,
1901,bread,,,,,,,
1902,beer,bread,cheese,diapers,,,,
1903,beer,cheese,bread,,,,,
1904,bread,beer,,,,,,
1905,cheese,bread,,,,,,
1906,diapers,bread,toothbrush,toothpaste,beer,,,
1907,cheese,toothpaste,toothbrush,bread,,,,
1908,burgers,cheese,pretzels,bread,,,,
1909,toothbrush,bread,cheese,,,,,
1910,bread,,,,,,,
1911,toothbrush,bread,cola,,,,,
1912,beer,bread,pretzels,,,,,
1913,bread,,,,,,,
1914,bread,mustard,diapers,,,,,
1915,bread,beer,cola,,,,,
1916,diapers,bread,beer,cheese,,,,
1917,burgers,cheese,bread,beer,,,,
1918,toothbrush,toothpaste,diapers,bread,,,,
1919,mustard,bread,cheese,,,,,
1920,bread,beer,diapers,,,,,
1921,cheese,bread,beer,,,,,
1922,cheese,bread,,,,,,
1923,bread,cola,cheese,pretzels,,,,
1924,bread,pretzels,,,,,,
1925,toothpaste,cheese,beer,bread,,,,
1926,bread,cheese,,,,,,
1927,bread,mustard,,,,,,
1928,cheese,bread,,,,,,
1929,bread,cheese,burgers,,,,,
1930,beer,bread,toothbrush,,,,,
1931,toothpaste,bread,diapers,,,,,
1932,bread,cheese,,,,,,
1933,beer,bread,,,,,,
1934,bread,cheese,,,,,,
1935,bread,,,,,,,
1936,bread,diapers,,,,,,
1937,bread,beer,,,,,,
1938,cheese,bread,,,,,,
1939,cheese,bread,,,,,,
1940,bread,beer,,,,,,
1941,bread,,,,,,,
1942,bread,burgers,,,,,,
1943,bread,beer,,,,,,
1944,cheese,diapers,bread,,,,,
1945,bread,beer,cheese,,,,,
1946,mustard,diapers,cola,bread,,,,
1947,cheese,bread,cola,,,,,
1948,bread,diapers,cheese,beer,,,,
1949,bread,beer,,,,,,
1950,toothpaste,mustard,burgers,bread,,,,
1951,toothpaste,cheese,toothbrush,burgers,bread,,,
1952,cola,cheese,bread,beer,,,,
1953,pretzels,toothpaste,bread,,,,,
1954,bread,cola,,,,,,
1955,pretzels,beer,cheese,bread,,,,
1956,bread,mustard,pretzels,,,,,
1957,bread,cheese,beer,toothbrush,,,,
1958,diapers,mustard,beer,bread,toothbrush,cheese,,
1959,bread,cola,toothpaste,,,,,
1960,bread,cheese,beer,,,,,
1961,beer,bread,diapers,,,,,
1962,beer,burgers,bread,,,,,
1963,cheese,bread,toothpaste,diapers,burgers,,,
1964,cheese,bread,,,,,,
1965,bread,cola,,,,,,
1966,bread,toothbrush,cheese,cola,diapers,,,
1967,cheese,bread,,,,,,
1968,bread,,,,,,,
1969,diapers,mustard,bread,cheese,pretzels,,,
1970,bread,cheese,,,,,,
1971,burgers,mustard,bread,cheese,toothpaste,,,
1972,bread,diapers,,,,,,
1973,cheese,bread,burgers,,,,,
1974,diapers,beer,cheese,bread,,,,
1975,bread,beer,burgers,cheese,,,,
1976,mustard,diapers,bread,,,,,
1977,cheese,bread,,,,,,
1978,bread,beer,cheese,burgers,pretzels,cola,,
1979,burgers,bread,diapers,toothbrush,,,,
1980,cola,beer,burgers,bread,,,,
1981,bread,diapers,cheese,burgers,cola,beer,,
1982,diapers,toothpaste,cheese,bread,burgers,,,
1983,burgers,bread,beer,cheese,,,,
1984,pretzels,cheese,bread,,,,,
1985,cheese,pretzels,diapers,beer,toothpaste,bread,,
1986,diapers,pretzels,bread,,,,,
1987,bread,diapers,,,,,,
1988,toothpaste,toothbrush,bread,,,,,
1989,toothbrush,diapers,bread,,,,,
1990,bread,burgers,diapers,,,,,
1991,beer,mustard,toothbrush,bread,,,,
1992,bread,cheese,,,,,,
1993,bread,cheese,toothpaste,,,,,
1994,bread,mustard,cheese,,,,,
1995,burgers,cheese,bread,,,,,
1996,bread,,,,,,,
1997,bread,burgers,diapers,cheese,,,,
1998,beer,bread,cheese,mustard,,,,
1999,bread,cheese,,,,,,
2000,cheese,bread,diapers,,,,,
2001,mustard,toothpaste,bread,beer,cola,cheese,,
2002,bread,cheese,beer,,,,,
2003,beer,bread,,,,,,
2004,beer,bread,,,,,,
2005,bread,mustard,toothpaste,diapers,,,,
2006,bread,cheese,,,,,,
2007,bread,,,,,,,
2008,bread,beer,,,,,,
2009,bread,cheese,,,,,,
2010,bread,cheese,pretzels,,,,,
2011,bread,diapers,cheese,cola,,,,
2012,bread,beer,cheese,,,,,
2013,beer,bread,,,,,,
2014,bread,,,,,,,
2015,toothpaste,bread,,,,,,
2016,diapers,bread,,,,,,
2017,bread,cheese,mustard,,,,,
2018,bread,beer,cheese,,,,,
2019,burgers,beer,bread,toothpaste,,,,
2020,bread,burgers,beer,mustard,cheese,,,
2021,bread,,,,,,,
2022,bread,beer,diapers,,,,,
2023,cheese,beer,bread,,,,,
2024,mustard,bread,cheese,,,,,
2025,bread,cola,,,,,,
2026,bread,cheese,toothbrush,burgers,,,,
2027,bread,cheese,beer,,,,,
2028,cola,toothpaste,cheese,mustard,bread,,,
2029,bread,cheese,pretzels,mustard,,,,
2030,bread,diapers,pretzels,cheese,,,,
2031,cola,cheese,bread,diapers,,,,
2032,diapers,cheese,bread,,,,,
2033,toothpaste,bread,cheese,,,,,
2034,beer,burgers,bread,cheese,,,,
2035,bread,,,,,,,
2036,bread,cola,toothpaste,,,,,
2037,bread,mustard,cheese,burgers,,,,
2038,bread,cola,diapers,cheese,,,,
2039,bread,,,,,,,
2040,cheese,bread,diapers,beer,,,,
2041,cheese,bread,,,,,,
2042,cheese,burgers,bread,,,,,
2043,pretzels,burgers,bread,cheese,,,,
2044,cheese,beer,bread,,,,,
2045,bread,toothpaste,,,,,,
2046,bread,cheese,beer,,,,,
2047,cheese,bread,pretzels,beer,,,,
2048,bread,diapers,toothbrush,beer,,,,
2049,bread,cheese,,,,,,
2050,bread,toothpaste,,,,,,
2051,burgers,pretzels,bread,mustard,cheese,diapers,,
2052,cheese,bread,,,,,,
2053,bread,burgers,,,,,,
2054,cheese,bread,,,,,,
2055,beer,toothbrush,bread,cheese,,,,
2056,burgers,bread,,,,,,
2057,diapers,beer,toothpaste,bread,mustard,,,
2058,diapers,cola,mustard,bread,,,,
2059,cheese,bread,,,,,,
2060,toothpaste,burgers,bread,beer,,,,
2061,diapers,cheese,bread,,,,,
2062,mustard,bread,diapers,,,,,
2063,cheese,diapers,bread,,,,,
2064,bread,pretzels,cheese,,,,,
2065,bread,diapers,mustard,,,,,
2066,bread,,,,,,,
2067,bread,toothpaste,,,,,,
2068,bread,cola,toothbrush,cheese,beer,,,
2069,burgers,diapers,bread,,,,,
2070,diapers,toothbrush,bread,,,,,
2071,bread,cheese,burgers,,,,,
2072,burgers,bread,diapers,,,,,
2073,beer,bread,,,,,,
2074,cheese,diapers,bread,,,,,
2075,mustard,bread,cheese,,,,,
2076,cola,pretzels,mustard,bread,,,,
2077,burgers,bread,,,,,,
2078,bread,diapers,mustard,cheese,,,,
2079,bread,,,,,,,
2080,mustard,bread,beer,burgers,diapers,cola,,
2081,pretzels,bread,,,,,,
2082,cheese,mustard,beer,bread,,,,
2083,cheese,bread,beer,,,,,
2084,bread,mustard,beer,cheese,,,,
2085,beer,bread,toothbrush,cheese,,,,
2086,bread,beer,mustard,,,,,
2087,bread,beer,diapers,,,,,
2088,toothbrush,beer,bread,,,,,
2089,bread,,,,,,,
2090,bread,,,,,,,
2091,bread,cheese,burgers,,,,,
2092,toothpaste,bread,,,,,,
2093,burgers,bread,,,,,,
2094,toothpaste,bread,pretzels,,,,,
2095,bread,burgers,toothbrush,,,,,
2096,diapers,bread,toothpaste,,,,,
2097,cheese,toothpaste,mustard,bread,,,,
2098,cheese,bread,toothbrush,burgers,,,,
2099,bread,,,,,,,
2100,bread,,,,,,,
2101,beer,toothbrush,bread,cheese,,,,
2102,bread,beer,cheese,mustard,cola,,,
2103,bread,cheese,,,,,,
2104,beer,cheese,bread,,,,,
2105,cola,bread,,,,,,
2106,toothbrush,beer,bread,burgers,pretzels,cheese,,
2107,burgers,bread,pretzels,beer,,,,
2108,bread,cheese,beer,,,,,
2109,toothpaste,bread,toothbrush,cheese,,,,
2110,bread,cheese,,,,,,
2111,bread,cheese,,,,,,
2112,cheese,cola,bread,mustard,,,,
2113,bread,,,,,,,
2114,bread,cheese,,,,,,
2115,burgers,bread,,,,,,
2116,bread,,,,,,,
2117,burgers,bread,,,,,,
2118,pretzels,cheese,bread,,,,,
2119,toothpaste,bread,burgers,,,,,
2120,bread,mustard,,,,,,
2121,toothpaste,bread,,,,,,
2122,beer,bread,,,,,,
2123,cheese,toothpaste,bread,beer,,,,
2124,pretzels,diapers,bread,cola,,,,
2125,diapers,cheese,bread,beer,,,,
2126,cheese,bread,toothpaste,pretzels,mustard,,,
2127,burgers,beer,toothpaste,bread,toothbrush,cheese,,
2128,bread,cheese,,,,,,
2129,bread,toothpaste,,,,,,
2130,pretzels,bread,,,,,,
2131,cheese,toothbrush,bread,burgers,toothpaste,,,
2132,bread,toothbrush,,,,,,
2133,bread,,,,,,,
2134,mustard,bread,,,,,,
2135,bread,cheese,,,,,,
2136,beer,cheese,bread,,,,,
2137,diapers,cheese,bread,,,,,
2138,toothbrush,beer,bread,burgers,cheese,,,
2139,cheese,diapers,bread,,,,,
2140,pretzels,beer,diapers,bread,,,,
2141,toothpaste,bread,,,,,,
2142,cheese,bread,beer,diapers,cola,,,
2143,bread,diapers,cheese,,,,,
2144,cola,beer,bread,,,,,
2145,cheese,bread,,,,,,
2146,cheese,diapers,bread,burgers,,,,
2147,bread,,,,,,,
2148,bread,beer,mustard,toothbrush,,,,
2149,beer,bread,cheese,cola,,,,
2150,pretzels,bread,mustard,,,,,
2151,bread,diapers,beer,,,,,
2152,cola,bread,,,,,,
2153,diapers,bread,,,,,,
2154,cheese,bread,,,,,,
2155,cheese,diapers,beer,toothpaste,pretzels,burgers,bread,
2156,diapers,bread,,,,,,
2157,bread,cheese,cola,toothbrush,diapers,,,
2158,diapers,cheese,bread,mustard,,,,
2159,cheese,bread,mustard,beer,,,,
2160,beer,bread,,,,,,
2161,bread,beer,burgers,,,,,
2162,toothbrush,bread,cheese,,,,,
2163,bread,toothbrush,,,,,,
2164,bread,,,,,,,
2165,toothbrush,bread,cheese,,,,,
2166,toothbrush,mustard,cheese,bread,,,,
2167,pretzels,bread,,,,,,
2168,burgers,toothbrush,bread,,,,,
2169,bread,,,,,,,
2170,beer,bread,diapers,,,,,
2171,bread,,,,,,,
2172,toothbrush,beer,bread,,,,,
2173,bread,cheese,cola,,,,,
2174,cheese,bread,,,,,,
2175,bread,toothbrush,cheese,pretzels,diapers,,,
2176,bread,diapers,cola,,,,,
2177,beer,bread,,,,,,
2178,cheese,diapers,bread,beer,cola,,,
2179,bread,,,,,,,
2180,bread,cheese,,,,,,
2181,bread,,,,,,,
2182,burgers,bread,,,,,,
2183,toothbrush,cheese,bread,,,,,
2184,bread,beer,diapers,,,,,
2185,cheese,mustard,bread,beer,burgers,,,
2186,beer,toothbrush,toothpaste,bread,cheese,,,
2187,bread,beer,,,,,,
2188,bread,burgers,,,,,,
2189,pretzels,mustard,bread,,,,,
2190,cola,bread,diapers,pretzels,,,,
2191,mustard,bread,burgers,,,,,
2192,cheese,bread,,,,,,
2193,bread,diapers,mustard,,,,,
2194,bread,,,,,,,
2195,bread,,,,,,,
2196,bread,,,,,,,
2197,toothbrush,bread,toothpaste,,,,,
2198,bread,cola,mustard,,,,,
2199,bread,toothpaste,,,,,,
2200,cheese,bread,,,,,,
2201,cola,mustard,toothpaste,bread,beer,,,
2202,diapers,bread,beer,,,,,
2203,diapers,beer,bread,cheese,burgers,,,
2204,beer,bread,,,,,,
2205,bread,toothpaste,,,,,,
2206,diapers,toothbrush,bread,,,,,
2207,bread,,,,,,,
2208,beer,bread,cheese,,,,,
2209,bread,toothpaste,toothbrush,,,,,
2210,bread,cola,,,,,,
2211,bread,,,,,,,
2212,bread,diapers,,,,,,
2213,diapers,bread,burgers,cola,cheese,beer,,
2214,burgers,bread,,,,,,
2215,mustard,bread,,,,,,
2216,bread,diapers,cheese,,,,,
2217,cheese,bread,beer,toothpaste,,,,
2218,toothpaste,cheese,bread,,,,,
2219,bread,,,,,,,
2220,bread,toothbrush,mustard,,,,,
2221,cheese,diapers,bread,toothpaste,burgers,,,
2222,cheese,bread,diapers,pretzels,,,,
2223,pretzels,cheese,bread,,,,,
2224,toothbrush,bread,toothpaste,,,,,
2225,cheese,bread,beer,,,,,
2226,beer,bread,,,,,,
2227,beer,bread,,,,,,
2228,diapers,bread,cheese,,,,,
2229,burgers,cola,bread,cheese,,,,
2230,mustard,bread,beer,pretzels,cheese,,,
2231,bread,cheese,,,,,,
2232,bread,diapers,,,,,,
2233,beer,bread,burgers,cheese,,,,
2234,burgers,toothbrush,bread,,,,,
2235,bread,cheese,,,,,,
2236,cheese,bread,pretzels,,,,,
2237,bread,pretzels,burgers,cheese,,,,
2238,beer,bread,cheese,,,,,
2239,bread,diapers,cheese,,,,,
2240,toothpaste,beer,burgers,bread,,,,
2241,cheese,bread,diapers,,,,,
2242,mustard,bread,cheese,beer,,,,
2243,pretzels,bread,cheese,beer,,,,
2244,cola,diapers,beer,bread,pretzels,,,
2245,beer,bread,,,,,,
2246,bread,cola,beer,cheese,,,,
2247,bread,diapers,mustard,cheese,,,,
2248,bread,diapers,,,,,,
2249,mustard,bread,cheese,pretzels,,,,
2250,cheese,cola,diapers,bread,,,,
2251,bread,toothpaste,pretzels,diapers,,,,
2252,beer,bread,,,,,,
2253,mustard,bread,cheese,,,,,
2254,pretzels,bread,beer,,,,,
2255,beer,pretzels,bread,,,,,
2256,toothbrush,bread,burgers,,,,,
2257,bread,cheese,cola,,,,,
2258,bread,toothbrush,cheese,beer,,,,
2259,diapers,beer,bread,,,,,
2260,cheese,bread,burgers,toothbrush,cola,beer,,
2261,cola,bread,,,,,,
2262,beer,bread,,,,,,
2263,burgers,beer,bread,,,,,
2264,bread,beer,,,,,,
2265,bread,mustard,,,,,,
2266,beer,cola,bread,cheese,,,,
2267,bread,cheese,pretzels,,,,,
2268,cheese,bread,diapers,,,,,
2269,bread,cola,,,,,,
2270,bread,,,,,,,
2271,beer,bread,diapers,,,,,
2272,cheese,bread,beer,diapers,mustard,,,
2273,bread,,,,,,,
2274,bread,,,,,,,
2275,burgers,beer,diapers,bread,cheese,,,
2276,bread,burgers,,,,,,
2277,cola,cheese,bread,,,,,
2278,diapers,bread,cheese,,,,,
2279,cheese,bread,,,,,,
2280,diapers,cheese,bread,cola,,,,
2281,cheese,bread,beer,,,,,
2282,bread,,,,,,,
2283,beer,bread,,,,,,
2284,bread,cheese,,,,,,
2285,bread,,,,,,,
2286,cheese,beer,toothpaste,bread,,,,
2287,bread,beer,,,,,,
2288,bread,,,,,,,
2289,bread,cola,cheese,,,,,
2290,bread,toothpaste,,,,,,
2291,cola,bread,cheese,,,,,
2292,bread,cheese,diapers,,,,,
2293,bread,mustard,beer,cheese,,,,
2294,bread,,,,,,,
2295,bread,toothbrush,burgers,,,,,
2296,beer,bread,diapers,,,,,
2297,cheese,bread,,,,,,
2298,bread,pretzels,,,,,,
2299,bread,beer,cheese,,,,,
2300,bread,toothpaste,,,,,,
2301,bread,mustard,beer,diapers,,,,
2302,bread,cheese,diapers,,,,,
2303,toothpaste,bread,cola,,,,,
2304,burgers,bread,pretzels,diapers,,,,
2305,bread,cheese,diapers,,,,,
2306,bread,diapers,beer,,,,,
2307,beer,cheese,bread,,,,,
2308,beer,bread,,,,,,
2309,diapers,bread,pretzels,,,,,
2310,bread,burgers,pretzels,,,,,
2311,cola,bread,,,,,,
2312,bread,beer,,,,,,
2313,burgers,bread,toothpaste,,,,,
2314,bread,,,,,,,
2315,diapers,cola,cheese,bread,toothpaste,,,
2316,mustard,bread,,,,,,
2317,toothbrush,mustard,bread,beer,,,,
2318,beer,bread,cheese,,,,,
2319,diapers,burgers,toothpaste,beer,bread,,,
2320,bread,,,,,,,
2321,bread,,,,,,,
2322,cheese,beer,diapers,bread,,,,
2323,diapers,bread,,,,,,
2324,bread,,,,,,,
2325,beer,bread,,,,,,
2326,cheese,bread,,,,,,
2327,cheese,beer,diapers,bread,,,,
2328,bread,cheese,cola,,,,,
2329,bread,toothpaste,,,,,,
2330,bread,,,,,,,
2331,burgers,beer,cheese,bread,,,,
2332,cheese,pretzels,bread,,,,,
2333,diapers,bread,beer,cheese,cola,,,
2334,bread,diapers,,,,,,
2335,cola,bread,cheese,,,,,
2336,toothpaste,cheese,bread,toothbrush,,,,
2337,mustard,diapers,bread,,,,,
2338,cheese,burgers,mustard,diapers,bread,,,
2339,cola,cheese,bread,,,,,
2340,burgers,bread,beer,cheese,,,,
2341,cola,pretzels,mustard,bread,cheese,,,
2342,bread,mustard,beer,,,,,
2343,burgers,toothbrush,pretzels,bread,,,,
2344,bread,diapers,,,,,,
2345,pretzels,toothpaste,cheese,beer,bread,,,
2346,bread,cheese,,,,,,
2347,cheese,beer,toothpaste,bread,,,,
2348,bread,mustard,cheese,,,,,
2349,bread,,,,,,,
2350,mustard,bread,,,,,,
2351,bread,toothbrush,cheese,,,,,
2352,bread,cheese,,,,,,
2353,bread,diapers,beer,cheese,,,,
2354,cheese,bread,diapers,beer,,,,
2355,bread,cheese,,,,,,
2356,beer,bread,,,,,,
2357,bread,beer,,,,,,
2358,beer,bread,,,,,,
2359,cheese,bread,,,,,,
2360,mustard,bread,burgers,cheese,,,,
2361,mustard,bread,,,,,,
2362,cheese,bread,pretzels,beer,,,,
2363,bread,diapers,,,,,,
2364,bread,,,,,,,
2365,bread,beer,,,,,,
2366,cheese,bread,,,,,,
2367,bread,cheese,toothpaste,,,,,
2368,beer,cola,bread,burgers,,,,
2369,bread,,,,,,,
2370,diapers,bread,cheese,,,,,
2371,diapers,bread,beer,,,,,
2372,diapers,cheese,bread,,,,,
2373,burgers,bread,,,,,,
2374,bread,cheese,,,,,,
2375,cheese,bread,,,,,,
2376,bread,cheese,,,,,,
2377,beer,mustard,bread,,,,,
2378,bread,,,,,,,
2379,diapers,bread,beer,,,,,
2380,bread,beer,cola,,,,,
2381,bread,cheese,,,,,,
2382,burgers,bread,,,,,,
2383,bread,beer,diapers,,,,,
2384,cheese,bread,pretzels,,,,,
2385,bread,,,,,,,
2386,bread,mustard,,,,,,
2387,toothbrush,cheese,mustard,bread,,,,
2388,bread,cheese,,,,,,
2389,beer,cheese,cola,bread,,,,
2390,bread,beer,pretzels,,,,,
2391,mustard,toothbrush,burgers,pretzels,bread,,,
2392,diapers,cheese,burgers,bread,,,,
2393,diapers,cola,bread,,,,,
2394,bread,,,,,,,
2395,bread,diapers,toothbrush,,,,,
2396,bread,,,,,,,
2397,bread,cheese,diapers,beer,,,,
2398,cola,bread,,,,,,
2399,diapers,mustard,bread,,,,,
2400,beer,bread,cheese,,,,,
2401,cheese,bread,burgers,toothbrush,,,,
2402,mustard,burgers,pretzels,bread,,,,
2403,toothbrush,bread,,,,,,
2404,cola,diapers,bread,,,,,
2405,bread,beer,burgers,,,,,
2406,bread,,,,,,,
2407,cheese,cola,bread,beer,,,,
2408,beer,cheese,bread,,,,,
2409,mustard,bread,,,,,,
2410,bread,diapers,,,,,,
2411,bread,cola,cheese,burgers,beer,,,
2412,diapers,cheese,bread,,,,,
2413,bread,,,,,,,
2414,cola,bread,beer,diapers,,,,
2415,beer,bread,diapers,cola,,,,
2416,mustard,beer,toothpaste,bread,burgers,cheese,,
2417,toothbrush,beer,cheese,bread,,,,
2418,diapers,cheese,bread,,,,,
2419,mustard,bread,,,,,,
2420,bread,burgers,,,,,,
2421,bread,,,,,,,
2422,bread,diapers,cheese,,,,,
2423,bread,,,,,,,
2424,bread,cheese,mustard,,,,,
2425,bread,cheese,beer,,,,,
2426,bread,,,,,,,
2427,bread,cheese,,,,,,
2428,bread,,,,,,,
2429,cheese,toothpaste,bread,,,,,
2430,mustard,bread,beer,,,,,
2431,bread,cheese,cola,,,,,
2432,bread,,,,,,,
2433,bread,beer,,,,,,
2434,bread,beer,mustard,,,,,
2435,bread,mustard,diapers,,,,,
2436,bread,cheese,,,,,,
2437,bread,beer,,,,,,
2438,bread,diapers,,,,,,
2439,cola,diapers,mustard,bread,,,,
2440,bread,mustard,,,,,,
2441,toothbrush,bread,cheese,,,,,
2442,beer,bread,,,,,,
2443,toothpaste,bread,,,,,,
2444,toothpaste,cheese,mustard,bread,,,,
2445,bread,,,,,,,
2446,burgers,cola,pretzels,cheese,mustard,bread,diapers,
2447,burgers,diapers,bread,beer,,,,
2448,bread,,,,,,,
2449,diapers,bread,pretzels,cola,,,,
2450,diapers,beer,bread,,,,,
2451,cheese,bread,,,,,,
2452,beer,bread,,,,,,
2453,mustard,bread,,,,,,
2454,bread,cheese,,,,,,
2455,beer,cola,mustard,bread,,,,
2456,bread,beer,diapers,,,,,
2457,bread,burgers,cheese,beer,,,,
2458,burgers,mustard,bread,,,,,
2459,beer,bread,cheese,mustard,,,,
2460,cheese,bread,beer,,,,,
2461,diapers,bread,beer,,,,,
2462,diapers,mustard,bread,,,,,
2463,mustard,bread,cheese,,,,,
2464,pretzels,bread,mustard,,,,,
2465,bread,diapers,,,,,,
2466,cola,bread,burgers,cheese,,,,
2467,cheese,bread,cola,mustard,beer,,,
2468,bread,cheese,,,,,,
2469,cheese,bread,pretzels,,,,,
2470,cheese,bread,cola,,,,,
2471,bread,,,,,,,
2472,cheese,bread,,,,,,
2473,bread,,,,,,,
2474,pretzels,burgers,bread,,,,,
2475,bread,cheese,,,,,,
2476,bread,,,,,,,
2477,bread,cheese,beer,,,,,
2478,bread,burgers,beer,cheese,,,,
2479,bread,diapers,,,,,,
2480,diapers,bread,,,,,,
2481,pretzels,bread,cheese,,,,,
2482,diapers,cheese,toothbrush,mustard,beer,bread,,
2483,mustard,toothbrush,cola,cheese,bread,,,
2484,bread,mustard,cheese,,,,,
2485,cheese,bread,toothbrush,,,,,
2486,cheese,bread,diapers,,,,,
2487,cheese,diapers,bread,,,,,
2488,cheese,beer,diapers,bread,mustard,,,
2489,bread,mustard,cheese,beer,,,,
2490,bread,cola,cheese,,,,,
2491,beer,cheese,toothpaste,bread,,,,
2492,bread,,,,,,,
2493,diapers,bread,,,,,,
2494,bread,cheese,beer,,,,,
2495,bread,diapers,cheese,cola,,,,
2496,bread,diapers,,,,,,
2497,burgers,bread,,,,,,
2498,bread,beer,diapers,mustard,,,,
2499,cheese,bread,beer,,,,,
2500,mustard,beer,bread,,,,,
2501,pretzels,cola,bread,beer,cheese,,,
2502,bread,toothbrush,mustard,,,,,
2503,bread,,,,,,,
2504,bread,diapers,beer,,,,,
2505,cheese,bread,toothpaste,,,,,
2506,bread,mustard,,,,,,
2507,cheese,beer,bread,diapers,,,,
2508,bread,mustard,,,,,,
2509,cheese,beer,bread,,,,,
2510,mustard,bread,cheese,,,,,
2511,burgers,cola,beer,bread,cheese,,,
2512,cheese,bread,toothbrush,,,,,
2513,bread,beer,burgers,mustard,,,,
2514,cheese,burgers,bread,diapers,mustard,,,
2515,cheese,burgers,mustard,bread,beer,,,
2516,bread,,,,,,,
2517,cheese,bread,beer,,,,,
2518,bread,burgers,,,,,,
2519,bread,mustard,,,,,,
2520,bread,beer,,,,,,
2521,beer,bread,cheese,diapers,,,,
2522,bread,,,,,,,
2523,cheese,mustard,diapers,bread,,,,
2524,toothpaste,toothbrush,bread,cheese,,,,
2525,cheese,bread,beer,,,,,
2526,bread,cheese,beer,,,,,
2527,bread,beer,,,,,,
2528,bread,,,,,,,
2529,toothpaste,mustard,beer,bread,cheese,,,
2530,toothbrush,bread,cheese,,,,,
2531,cola,bread,beer,cheese,,,,
2532,diapers,bread,mustard,beer,cheese,,,
2533,bread,beer,,,,,,
2534,bread,burgers,,,,,,
2535,bread,cheese,toothbrush,beer,,,,
2536,bread,,,,,,,
2537,cheese,cola,bread,,,,,
2538,toothpaste,diapers,pretzels,cheese,bread,,,
2539,diapers,toothpaste,bread,,,,,
2540,bread,cheese,,,,,,
2541,bread,cheese,pretzels,burgers,,,,
2542,bread,pretzels,cheese,beer,toothbrush,cola,,
2543,pretzels,bread,cheese,,,,,
2544,bread,toothbrush,,,,,,
2545,cheese,bread,,,,,,
2546,bread,cheese,,,,,,
2547,bread,cheese,,,,,,
2548,bread,toothbrush,cheese,,,,,
2549,bread,,,,,,,
2550,burgers,beer,bread,diapers,,,,
2551,cola,bread,,,,,,
2552,cheese,diapers,pretzels,bread,,,,
2553,diapers,pretzels,beer,bread,,,,
2554,diapers,toothbrush,bread,,,,,
2555,bread,diapers,burgers,,,,,
2556,bread,cheese,,,,,,
2557,bread,burgers,,,,,,
2558,beer,bread,cheese,cola,,,,
2559,bread,cola,cheese,,,,,
2560,bread,cheese,pretzels,,,,,
2561,bread,cheese,,,,,,
2562,burgers,bread,,,,,,
2563,toothpaste,bread,beer,,,,,
2564,bread,,,,,,,
2565,beer,bread,diapers,cheese,,,,
2566,mustard,beer,cheese,bread,toothpaste,,,
2567,diapers,bread,burgers,,,,,
2568,diapers,cheese,bread,,,,,
2569,burgers,bread,,,,,,
2570,mustard,beer,bread,,,,,
2571,bread,mustard,,,,,,
2572,diapers,beer,bread,,,,,
2573,bread,toothpaste,burgers,,,,,
2574,bread,,,,,,,
2575,bread,toothpaste,beer,diapers,,,,
2576,cheese,bread,beer,,,,,
2577,bread,cheese,,,,,,
2578,bread,beer,diapers,,,,,
2579,beer,toothbrush,bread,,,,,
2580,toothpaste,bread,cheese,,,,,
2581,bread,toothpaste,mustard,cheese,beer,,,
2582,mustard,bread,cheese,burgers,,,,
2583,bread,beer,diapers,,,,,
2584,bread,diapers,,,,,,
2585,beer,bread,,,,,,
2586,bread,,,,,,,
2587,cheese,bread,toothbrush,,,,,
2588,cheese,toothbrush,bread,toothpaste,burgers,diapers,,
2589,pretzels,bread,mustard,burgers,,,,
2590,bread,,,,,,,
2591,bread,diapers,,,,,,
2592,bread,cheese,diapers,,,,,
2593,bread,,,,,,,
2594,beer,bread,,,,,,
2595,bread,diapers,,,,,,
2596,cheese,bread,diapers,,,,,
2597,toothpaste,bread,cheese,diapers,,,,
2598,bread,toothbrush,,,,,,
2599,bread,beer,diapers,cola,,,,
2600,cheese,bread,,,,,,
2601,diapers,toothbrush,cheese,beer,bread,,,
2602,bread,beer,,,,,,
2603,beer,bread,cheese,burgers,,,,
2604,bread,cheese,toothpaste,,,,,
2605,beer,bread,,,,,,
2606,bread,,,,,,,
2607,beer,cheese,burgers,bread,,,,
2608,bread,diapers,cheese,,,,,
2609,cheese,burgers,bread,mustard,,,,
2610,bread,beer,cheese,,,,,
2611,cola,cheese,bread,beer,,,,
2612,bread,,,,,,,
2613,beer,diapers,bread,cheese,burgers,,,
2614,bread,mustard,cheese,burgers,beer,,,
2615,bread,cheese,mustard,,,,,
2616,toothpaste,burgers,diapers,mustard,bread,cheese,beer,
2617,bread,mustard,cheese,,,,,
2618,bread,toothbrush,burgers,cheese,,,,
2619,bread,pretzels,,,,,,
2620,mustard,bread,cheese,burgers,,,,
2621,diapers,bread,,,,,,
2622,diapers,bread,burgers,,,,,
2623,bread,,,,,,,
2624,cheese,toothpaste,beer,bread,,,,
2625,mustard,bread,,,,,,
2626,toothpaste,cheese,bread,diapers,,,,
2627,diapers,bread,,,,,,
2628,cheese,bread,diapers,,,,,
2629,beer,bread,cheese,,,,,
2630,bread,toothbrush,cola,,,,,
2631,bread,beer,cheese,,,,,
2632,mustard,bread,,,,,,
2633,cheese,bread,,,,,,
2634,toothbrush,beer,bread,mustard,,,,
2635,pretzels,bread,toothpaste,diapers,cheese,,,
2636,bread,cheese,,,,,,
2637,bread,cola,,,,,,
2638,bread,beer,cola,cheese,,,,
2639,mustard,cheese,bread,toothbrush,,,,
2640,beer,cheese,bread,,,,,
2641,burgers,toothbrush,cheese,bread,,,,
2642,bread,pretzels,beer,cheese,,,,
2643,burgers,diapers,bread,,,,,
2644,bread,diapers,cheese,,,,,
2645,beer,mustard,bread,,,,,
2646,bread,toothbrush,cheese,diapers,toothpaste,,,
2647,diapers,beer,cheese,bread,,,,
2648,burgers,bread,cheese,mustard,diapers,pretzels,,
2649,mustard,diapers,cheese,bread,,,,
2650,cheese,bread,,,,,,
2651,bread,cheese,,,,,,
2652,bread,cheese,burgers,,,,,
2653,bread,cheese,diapers,,,,,
2654,bread,,,,,,,
2655,bread,,,,,,,
2656,bread,diapers,,,,,,
2657,toothpaste,mustard,diapers,cheese,bread,,,
2658,beer,bread,,,,,,
2659,bread,pretzels,beer,,,,,
2660,cheese,burgers,bread,,,,,
2661,bread,diapers,mustard,pretzels,,,,
2662,beer,cola,toothpaste,bread,burgers,,,
2663,bread,burgers,,,,,,
2664,beer,bread,,,,,,
2665,bread,cheese,,,,,,
2666,bread,diapers,pretzels,cheese,,,,
2667,bread,diapers,beer,,,,,
2668,bread,mustard,,,,,,
2669,cheese,bread,,,,,,
2670,cheese,beer,bread,,,,,
2671,mustard,cola,cheese,bread,,,,
2672,bread,toothbrush,,,,,,
2673,bread,beer,,,,,,
2674,mustard,beer,diapers,bread,,,,
2675,diapers,bread,mustard,,,,,
2676,bread,burgers,,,,,,
2677,mustard,cheese,bread,,,,,
2678,bread,cheese,beer,,,,,
2679,bread,burgers,beer,,,,,
2680,bread,beer,burgers,cheese,,,,
2681,bread,diapers,cheese,,,,,
2682,bread,toothbrush,pretzels,cheese,,,,
2683,bread,cheese,cola,,,,,
2684,cheese,diapers,beer,bread,,,,
2685,pretzels,diapers,beer,bread,,,,
2686,bread,burgers,cheese,,,,,
2687,beer,bread,diapers,burgers,,,,
2688,toothbrush,pretzels,bread,,,,,
2689,bread,beer,burgers,cheese,,,,
2690,bread,cola,,,,,,
2691,diapers,cheese,burgers,beer,bread,,,
2692,bread,diapers,toothpaste,,,,,
2693,beer,cola,cheese,bread,diapers,,,
2694,bread,cheese,mustard,,,,,
2695,toothbrush,bread,,,,,,
2696,cheese,bread,diapers,,,,,
2697,bread,mustard,,,,,,
2698,cola,bread,,,,,,
2699,bread,cheese,,,,,,
2700,burgers,beer,bread,,,,,
2701,burgers,mustard,cola,bread,cheese,,,
2702,bread,cheese,,,,,,
2703,bread,beer,cola,,,,,
2704,beer,bread,mustard,cheese,diapers,,,
2705,mustard,bread,cheese,burgers,,,,
2706,beer,bread,pretzels,,,,,
2707,beer,bread,,,,,,
2708,bread,mustard,cheese,,,,,
2709,bread,mustard,,,,,,
2710,bread,mustard,,,,,,
2711,beer,cheese,bread,,,,,
2712,cheese,cola,bread,mustard,,,,
2713,bread,cheese,pretzels,,,,,
2714,toothpaste,pretzels,bread,,,,,
2715,beer,bread,,,,,,
2716,bread,diapers,,,,,,
2717,beer,bread,cheese,pretzels,,,,
2718,cheese,cola,bread,toothpaste,,,,
2719,burgers,cola,cheese,toothpaste,bread,,,
2720,pretzels,bread,,,,,,
2721,burgers,cola,mustard,diapers,bread,cheese,,
2722,bread,cheese,,,,,,
2723,bread,mustard,cola,,,,,
2724,pretzels,bread,mustard,,,,,
2725,bread,,,,,,,
2726,toothbrush,bread,mustard,,,,,
2727,beer,diapers,bread,cheese,,,,
2728,bread,toothpaste,beer,burgers,,,,
2729,cheese,bread,diapers,,,,,
2730,cola,toothbrush,bread,mustard,,,,
2731,cola,bread,diapers,cheese,,,,
2732,cola,diapers,cheese,bread,,,,
2733,bread,,,,,,,
2734,bread,cheese,beer,,,,,
2735,cola,bread,cheese,,,,,
2736,bread,,,,,,,
2737,cheese,bread,,,,,,
2738,toothpaste,pretzels,bread,cheese,,,,
2739,bread,cheese,beer,mustard,,,,
2740,cheese,burgers,beer,toothbrush,bread,,,
2741,diapers,beer,cheese,bread,,,,
2742,cheese,bread,,,,,,
2743,bread,pretzels,cheese,toothpaste,,,,
2744,bread,pretzels,beer,diapers,burgers,,,
2745,bread,mustard,cheese,toothpaste,diapers,,,
2746,pretzels,bread,cheese,burgers,,,,
2747,beer,bread,mustard,,,,,
2748,bread,cheese,diapers,beer,,,,
2749,bread,,,,,,,
2750,bread,,,,,,,
2751,cheese,bread,toothbrush,diapers,,,,
2752,beer,bread,toothbrush,,,,,
2753,cola,bread,,,,,,
2754,beer,bread,cheese,,,,,
2755,pretzels,bread,cheese,diapers,beer,,,
2756,diapers,burgers,bread,cola,mustard,,,
2757,beer,cheese,bread,burgers,,,,
2758,toothpaste,bread,beer,,,,,
2759,pretzels,cheese,bread,toothbrush,,,,
2760,beer,cola,bread,,,,,
2761,mustard,toothbrush,bread,diapers,,,,
2762,bread,mustard,diapers,,,,,
2763,beer,bread,,,,,,
2764,bread,cheese,burgers,,,,,
2765,bread,,,,,,,
2766,bread,mustard,beer,,,,,
2767,bread,burgers,beer,,,,,
2768,bread,mustard,,,,,,
2769,cheese,bread,burgers,diapers,,,,
2770,bread,cheese,beer,,,,,
2771,cola,cheese,beer,burgers,toothpaste,bread,,
2772,toothbrush,bread,,,,,,
2773,pretzels,cheese,bread,,,,,
2774,bread,pretzels,,,,,,
2775,bread,diapers,cheese,,,,,
2776,cheese,bread,toothpaste,,,,,
2777,diapers,bread,,,,,,
2778,mustard,cheese,bread,pretzels,cola,,,
2779,bread,cheese,,,,,,
2780,beer,cheese,mustard,bread,,,,
2781,burgers,bread,,,,,,
2782,pretzels,burgers,bread,cola,,,,
2783,bread,,,,,,,
2784,beer,bread,diapers,cheese,,,,
2785,cheese,bread,,,,,,
2786,toothpaste,bread,cheese,,,,,
2787,mustard,bread,cheese,,,,,
2788,cheese,diapers,bread,,,,,
2789,cola,burgers,bread,,,,,
2790,bread,,,,,,,
2791,bread,toothbrush,cheese,,,,,
2792,cheese,bread,,,,,,
2793,bread,burgers,cheese,,,,,
2794,toothbrush,cheese,pretzels,mustard,bread,,,
2795,pretzels,bread,,,,,,
2796,cheese,bread,mustard,,,,,
2797,mustard,bread,cheese,burgers,,,,
2798,cheese,bread,,,,,,
2799,bread,beer,,,,,,
2800,bread,cheese,cola,burgers,,,,
2801,cheese,burgers,toothpaste,bread,,,,
2802,toothpaste,beer,bread,cheese,mustard,,,
2803,bread,cheese,,,,,,
2804,bread,pretzels,,,,,,
2805,bread,,,,,,,
2806,beer,toothbrush,burgers,bread,cheese,,,
2807,bread,diapers,beer,cheese,mustard,,,
2808,cheese,beer,diapers,bread,,,,
2809,toothbrush,bread,,,,,,
2810,toothpaste,cola,cheese,bread,,,,
2811,mustard,cheese,bread,,,,,
2812,bread,toothbrush,,,,,,
2813,bread,mustard,,,,,,
2814,mustard,beer,bread,,,,,
2815,toothbrush,bread,,,,,,
2816,beer,bread,,,,,,
2817,diapers,bread,,,,,,
2818,bread,cheese,,,,,,
2819,diapers,mustard,bread,toothpaste,,,,
2820,beer,burgers,bread,cheese,,,,
2821,bread,cheese,,,,,,
2822,toothbrush,cheese,bread,beer,,,,
2823,mustard,bread,diapers,,,,,
2824,bread,cheese,cola,,,,,
2825,cheese,bread,,,,,,
2826,bread,beer,,,,,,
2827,beer,cheese,bread,,,,,
2828,toothpaste,cola,bread,,,,,
2829,burgers,bread,,,,,,
2830,diapers,beer,burgers,bread,,,,
2831,cheese,bread,,,,,,
2832,cola,mustard,beer,cheese,bread,toothpaste,,
2833,diapers,beer,bread,,,,,
2834,bread,,,,,,,
2835,toothbrush,bread,,,,,,
2836,diapers,bread,,,,,,
2837,bread,diapers,,,,,,
2838,diapers,bread,cheese,cola,,,,
2839,diapers,bread,mustard,beer,,,,
2840,burgers,diapers,bread,,,,,
2841,beer,cheese,burgers,cola,bread,diapers,,
2842,bread,diapers,,,,,,
2843,diapers,bread,beer,,,,,
2844,beer,cheese,bread,,,,,
2845,bread,diapers,,,,,,
2846,bread,cheese,diapers,,,,,
2847,bread,,,,,,,
2848,beer,bread,,,,,,
2849,bread,,,,,,,
2850,cheese,bread,mustard,,,,,
2851,diapers,bread,cheese,,,,,
2852,cheese,pretzels,bread,,,,,
2853,bread,,,,,,,
2854,pretzels,bread,burgers,cheese,,,,
2855,bread,,,,,,,
2856,bread,,,,,,,
2857,beer,mustard,bread,,,,,
2858,diapers,bread,cheese,beer,,,,
2859,cheese,diapers,bread,pretzels,,,,
2860,mustard,bread,,,,,,
2861,beer,burgers,bread,cheese,,,,
2862,cheese,bread,cola,burgers,,,,
2863,cheese,beer,bread,burgers,,,,
2864,cheese,pretzels,beer,bread,,,,
2865,cheese,cola,bread,,,,,
2866,bread,,,,,,,
2867,bread,cheese,,,,,,
2868,diapers,bread,,,,,,
2869,bread,beer,,,,,,
2870,toothbrush,bread,cheese,,,,,
2871,beer,bread,,,,,,
2872,toothpaste,bread,cheese,,,,,
2873,bread,diapers,,,,,,
2874,mustard,bread,cheese,,,,,
2875,beer,bread,cheese,,,,,
2876,bread,,,,,,,
2877,bread,toothbrush,beer,,,,,
2878,bread,beer,,,,,,
2879,pretzels,beer,bread,,,,,
2880,bread,cheese,diapers,,,,,
2881,bread,burgers,,,,,,
2882,mustard,bread,,,,,,
2883,bread,,,,,,,
2884,cola,cheese,bread,,,,,
2885,bread,beer,cheese,,,,,
2886,bread,pretzels,beer,diapers,,,,
2887,bread,beer,,,,,,
2888,cheese,toothbrush,diapers,bread,toothpaste,beer,,
2889,beer,bread,toothpaste,,,,,
2890,pretzels,burgers,bread,,,,,
2891,diapers,bread,,,,,,
2892,cheese,toothpaste,bread,,,,,
2893,bread,pretzels,mustard,cheese,,,,
2894,mustard,burgers,beer,bread,,,,
2895,bread,cheese,burgers,,,,,
2896,cola,bread,,,,,,
2897,bread,mustard,diapers,cheese,pretzels,,,
2898,cola,beer,bread,diapers,,,,
2899,bread,beer,mustard,,,,,
2900,bread,diapers,cheese,mustard,,,,
2901,pretzels,bread,burgers,,,,,
2902,mustard,cola,diapers,bread,,,,
2903,bread,cheese,cola,,,,,
2904,beer,bread,toothpaste,,,,,
2905,burgers,bread,toothpaste,cheese,,,,
2906,bread,beer,cheese,,,,,
2907,bread,diapers,,,,,,
2908,pretzels,bread,,,,,,
2909,bread,,,,,,,
2910,burgers,diapers,bread,cheese,,,,
2911,bread,diapers,,,,,,
2912,diapers,cola,cheese,burgers,bread,,,
2913,mustard,toothpaste,diapers,burgers,bread,,,
2914,beer,cheese,bread,,,,,
2915,bread,diapers,,,,,,
2916,toothpaste,cheese,bread,,,,,
2917,bread,beer,diapers,cheese,,,,
2918,burgers,bread,,,,,,
2919,beer,bread,diapers,cheese,,,,
2920,cheese,beer,bread,,,,,
2921,mustard,bread,,,,,,
2922,diapers,cheese,bread,,,,,
2923,cheese,bread,,,,,,
2924,toothpaste,cheese,bread,,,,,
2925,beer,diapers,bread,mustard,,,,
2926,toothpaste,cheese,bread,,,,,
2927,bread,cheese,beer,burgers,,,,
2928,bread,,,,,,,
2929,mustard,cheese,diapers,bread,,,,
2930,diapers,burgers,bread,,,,,
2931,burgers,mustard,cheese,bread,,,,
2932,diapers,beer,cheese,bread,,,,
2933,beer,cheese,bread,,,,,
2934,beer,toothpaste,bread,cheese,,,,
2935,beer,bread,mustard,,,,,
2936,bread,cheese,,,,,,
2937,mustard,cheese,bread,,,,,
2938,bread,,,,,,,
2939,bread,cheese,,,,,,
2940,bread,diapers,,,,,,
2941,bread,beer,,,,,,
2942,bread,beer,toothpaste,,,,,
2943,mustard,bread,,,,,,
2944,bread,cheese,,,,,,
2945,toothpaste,bread,mustard,cheese,,,,
2946,bread,burgers,diapers,,,,,
2947,toothbrush,bread,,,,,,
2948,beer,bread,,,,,,
2949,beer,cheese,bread,cola,,,,
2950,pretzels,bread,beer,cheese,,,,
2951,pretzels,bread,,,,,,
2952,diapers,bread,,,,,,
2953,cheese,beer,bread,,,,,
2954,bread,pretzels,cheese,,,,,
2955,bread,beer,toothbrush,diapers,,,,
2956,bread,,,,,,,
2957,bread,cheese,diapers,,,,,
2958,diapers,toothpaste,cheese,bread,beer,,,
2959,diapers,bread,cola,cheese,toothpaste,,,
2960,mustard,bread,cheese,,,,,
2961,toothpaste,bread,beer,cheese,,,,
2962,cheese,toothbrush,bread,mustard,pretzels,,,
2963,cheese,bread,toothpaste,burgers,,,,
2964,beer,bread,cheese,burgers,,,,
2965,burgers,bread,cola,,,,,
2966,bread,toothpaste,,,,,,
2967,cheese,bread,,,,,,
2968,bread,cheese,beer,diapers,,,,
2969,diapers,bread,pretzels,,,,,
2970,bread,cheese,burgers,,,,,
2971,mustard,bread,cheese,beer,,,,
2972,bread,,,,,,,
2973,bread,burgers,cheese,mustard,,,,
2974,diapers,cheese,bread,cola,,,,
2975,bread,,,,,,,
2976,bread,,,,,,,
2977,bread,mustard,,,,,,
2978,bread,beer,mustard,,,,,
2979,cola,cheese,diapers,bread,,,,
2980,cheese,bread,,,,,,
2981,bread,,,,,,,
2982,cola,diapers,cheese,toothbrush,bread,,,
2983,bread,beer,,,,,,
2984,bread,cheese,pretzels,diapers,toothpaste,mustard,,
2985,bread,toothpaste,burgers,beer,,,,
2986,bread,diapers,,,,,,
2987,mustard,beer,cheese,bread,,,,
2988,bread,beer,,,,,,
2989,bread,beer,cheese,,,,,
2990,pretzels,cheese,bread,,,,,
2991,bread,toothpaste,,,,,,
2992,cheese,bread,,,,,,
2993,bread,cola,,,,,,
2994,diapers,burgers,bread,,,,,
2995,diapers,bread,toothbrush,,,,,
2996,burgers,toothpaste,bread,cheese,pretzels,,,
2997,beer,bread,,,,,,
2998,cheese,bread,,,,,,
2999,mustard,toothbrush,bread,cheese,,,,
3000,bread,,,,,,,